kod_okresu,okres,index
CZ0201,Benešov,0.7809526163581086
CZ0201,Benešov,0.7572237190103073
CZ0201,Benešov,0.6693526460192303
CZ0201,Benešov,0.7380181427194306
CZ0201,Benešov,0.5704204463998813
CZ0201,Benešov,0.6870380898237635
CZ0201,Benešov,0.6551153076105495
CZ0201,Benešov,0.6383691326593668
CZ0201,Benešov,0.5454185925797761
CZ0201,Benešov,0.8357886150727933
CZ0201,Benešov,0.7453469115357045
CZ0201,Benešov,0.6354277380922955
CZ0201,Benešov,0.7391675111847147
CZ0201,Benešov,0.5674419754307042
CZ0201,Benešov,0.6582915193909583
CZ0201,Benešov,0.5781076204365129
CZ0201,Benešov,0.5992164520354945
CZ0201,Benešov,0.5052772078997454
CZ0202,Beroun,0.7447660479027115
CZ0202,Beroun,0.6565118520898732
CZ0202,Beroun,0.6975554292211483
CZ0202,Beroun,0.693452307388091
CZ0202,Beroun,0.6195590379909534
CZ0202,Beroun,0.656660157698297
CZ0202,Beroun,0.5449860345552068
CZ0202,Beroun,0.6334379711792768
CZ0202,Beroun,0.5555528091553995
CZ0202,Beroun,0.7901969992831895
CZ0202,Beroun,0.7179845267815211
CZ0202,Beroun,0.635724349309143
CZ0202,Beroun,0.7125837308747559
CZ0202,Beroun,0.5178584670143609
CZ0202,Beroun,0.6414835504362657
CZ0202,Beroun,0.5297476332896656
CZ0202,Beroun,0.5689621079170477
CZ0202,Beroun,0.4490817411078429
CZ0203,Kladno,0.7573843834194329
CZ0203,Kladno,0.683095632399832
CZ0203,Kladno,0.62528116271597
CZ0203,Kladno,0.6954544331018118
CZ0203,Kladno,0.5339001903255308
CZ0203,Kladno,0.6252193687124601
CZ0203,Kladno,0.5432063672541216
CZ0203,Kladno,0.5748696146525941
CZ0203,Kladno,0.450861408408928
CZ0203,Kladno,0.7227426650517834
CZ0203,Kladno,0.640680228390637
CZ0203,Kladno,0.49844279111155054
CZ0203,Kladno,0.6165558494203722
CZ0203,Kladno,0.34862940900215045
CZ0203,Kladno,0.5123835183033838
CZ0203,Kladno,0.45489037743777344
CZ0203,Kladno,0.4414563610747213
CZ0203,Kladno,0.39015497936080284
CZ0204,Kolín,0.8147045010752156
CZ0204,Kolín,0.7569889017969696
CZ0204,Kolín,0.6932174901747534
CZ0204,Kolín,0.7648738166448328
CZ0204,Kolín,0.6309909286402847
CZ0204,Kolín,0.7044887164149591
CZ0204,Kolín,0.6350198976691301
CZ0204,Kolín,0.654806337593
CZ0204,Kolín,0.5997231628642756
CZ0204,Kolín,0.844551004770497
CZ0204,Kolín,0.7613762760461725
CZ0204,Kolín,0.6599846750871295
CZ0204,Kolín,0.7618953456756556
CZ0204,Kolín,0.539338062634402
CZ0204,Kolín,0.6596386286674741
CZ0204,Kolín,0.5371752725115555
CZ0204,Kolín,0.5797760585312801
CZ0204,Kolín,0.5110364090268681
CZ0205,Kutná Hora,0.8276565242108905
CZ0205,Kutná Hora,0.781891885211459
CZ0205,Kutná Hora,0.7035618063623106
CZ0205,Kutná Hora,0.7767629829201375
CZ0205,Kutná Hora,0.7166250587043034
CZ0205,Kutná Hora,0.740193291642979
CZ0205,Kutná Hora,0.5532540722248313
CZ0205,Kutná Hora,0.6567590281039128
CZ0205,Kutná Hora,0.5501643720493363
CZ0205,Kutná Hora,0.8694045529821786
CZ0205,Kutná Hora,0.8164347331734928
CZ0205,Kutná Hora,0.6977037348295722
CZ0205,Kutná Hora,0.7969325456657685
CZ0205,Kutná Hora,0.5855105420569988
CZ0205,Kutná Hora,0.7095805423041748
CZ0205,Kutná Hora,0.6330919247596213
CZ0205,Kutná Hora,0.6445485330103566
CZ0205,Kutná Hora,0.5821983834688682
CZ0206,Mělník,0.7693724201003534
CZ0206,Mělník,0.7348666485404256
CZ0206,Mělník,0.6687841411869392
CZ0206,Mělník,0.7237808043107496
CZ0206,Mělník,0.5892799762711026
CZ0206,Mělník,0.6792149689794102
CZ0206,Mělník,0.5852510072422572
CZ0206,Mělník,0.6247744518871888
CZ0206,Mělník,0.5083174728724325
CZ0206,Mělník,0.7925328126158637
CZ0206,Mělník,0.7165261882986875
CZ0206,Mělník,0.6315223570704699
CZ0206,Mělník,0.7206293101317448
CZ0206,Mělník,0.49589687816694267
CZ0206,Mělník,0.6166052846231802
CZ0206,Mělník,0.5241243789702648
CZ0206,Mělník,0.5495217144128334
CZ0206,Mělník,0.44138220827050945
CZ0207,Mladá Boleslav,0.7614009936475764
CZ0207,Mladá Boleslav,0.7120770200459747
CZ0207,Mladá Boleslav,0.6883851991002793
CZ0207,Mladá Boleslav,0.7295523642385743
CZ0207,Mladá Boleslav,0.6166423610252861
CZ0207,Mladá Boleslav,0.6856909805472476
CZ0207,Mladá Boleslav,0.597708678349853
CZ0207,Mladá Boleslav,0.6361692661344143
CZ0207,Mladá Boleslav,0.549175667993178
CZ0207,Mladá Boleslav,0.8330449613169538
CZ0207,Mladá Boleslav,0.7446671774970957
CZ0207,Mladá Boleslav,0.5978446251575747
CZ0207,Mladá Boleslav,0.7256346244160466
CZ0207,Mladá Boleslav,0.49069382307140913
CZ0207,Mladá Boleslav,0.6261215611637047
CZ0207,Mladá Boleslav,0.5478285587166621
CZ0207,Mladá Boleslav,0.5476431767061324
CZ0207,Mladá Boleslav,0.5035964110042761
CZ0208,Nymburk,0.8373334651605409
CZ0208,Nymburk,0.8140618434387127
CZ0208,Nymburk,0.7060335665027065
CZ0208,Nymburk,0.784376004152557
CZ0208,Nymburk,0.6378377042291816
CZ0208,Nymburk,0.7237684455100477
CZ0208,Nymburk,0.6388634846874459
CZ0208,Nymburk,0.6647798897594978
CZ0208,Nymburk,0.5871789801517661
CZ0208,Nymburk,0.8021232419606001
CZ0208,Nymburk,0.7544800652544678
CZ0208,Nymburk,0.6569567689151444
CZ0208,Nymburk,0.735262130162889
CZ0208,Nymburk,0.5557752675680352
CZ0208,Nymburk,0.6571174333242702
CZ0208,Nymburk,0.5868205749314086
CZ0208,Nymburk,0.6038880787008428
CZ0208,Nymburk,0.466223397681489
CZ0209,Praha-východ,0.5006920928393108
CZ0209,Praha-východ,0.3916380354450404
CZ0209,Praha-východ,0.1675729787181452
CZ0209,Praha-východ,0.36397903947400945
CZ0209,Praha-východ,0.0
CZ0209,Praha-východ,0.21667449390711124
CZ0209,Praha-východ,0.10053884371060633
CZ0209,Praha-východ,0.10642163284474875
CZ0209,Praha-východ,0.054045035469758015
CZ0209,Praha-východ,0.8018513483451566
CZ0209,Praha-východ,0.7098647947203204
CZ0209,Praha-východ,0.5546258991027511
CZ0209,Praha-východ,0.6849865289072349
CZ0209,Praha-východ,0.5150406604543095
CZ0209,Praha-východ,0.589045159057765
CZ0209,Praha-východ,0.5049805966828979
CZ0209,Praha-východ,0.5269174679289121
CZ0209,Praha-východ,0.4559161578960378
CZ020A,Praha-západ,0.4855031267765776
CZ020A,Praha-západ,0.40109251798205503
CZ020A,Praha-západ,0.24780631287539856
CZ020A,Praha-západ,0.3864226215488049
CZ020A,Praha-západ,0.015522653681686729
CZ020A,Praha-západ,0.25677880218503596
CZ020A,Praha-západ,0.09016980992164521
CZ020A,Praha-západ,0.13650295375336777
CZ020A,Praha-západ,0.0708900808265566
CZ020A,Praha-západ,0.7989470301801913
CZ020A,Praha-západ,0.6999653953580345
CZ020A,Praha-západ,0.6161727265986109
CZ020A,Praha-západ,0.6895222087648615
CZ020A,Praha-západ,0.5301554737128309
CZ020A,Praha-západ,0.6151345873396445
CZ020A,Praha-západ,0.5478285587166621
CZ020A,Praha-západ,0.5747089502434684
CZ020A,Praha-západ,0.4710680475566651
CZ020B,Příbram,0.8303383839632202
CZ020B,Příbram,0.7898262352621301
CZ020B,Příbram,0.6818597523296339
CZ020B,Příbram,0.7598932199619349
CZ020B,Příbram,0.6574881973453296
CZ020B,Příbram,0.7080727686185333
CZ020B,Příbram,0.6484786316335863
CZ020B,Příbram,0.6650270657735373
CZ020B,Příbram,0.6213263464913364
CZ020B,Příbram,0.84151073979781
CZ020B,Příbram,0.7829918184739353
CZ020B,Příbram,0.6696492572360778
CZ020B,Příbram,0.7666782015473218
CZ020B,Příbram,0.549731814024767
CZ020B,Příbram,0.6820945695429715
CZ020B,Příbram,0.5995254220530439
CZ020B,Příbram,0.6113157179227328
CZ020B,Příbram,0.5506710828781175
CZ020C,Rakovník,0.8606421632844748
CZ020C,Rakovník,0.8047185901080159
CZ020C,Rakovník,0.7145240625849667
CZ020C,Rakovník,0.7995649702152903
CZ020C,Rakovník,0.6739501198803668
CZ020C,Rakovník,0.746928838025558
CZ020C,Rakovník,0.6805126430531181
CZ020C,Rakovník,0.6916108460834961
CZ020C,Rakovník,0.6042341251204983
CZ020C,Rakovník,0.8336752601527547
CZ020C,Rakovník,0.8274711422003609
CZ020C,Rakovník,0.7044269224114492
CZ020C,Rakovník,0.7901475640803817
CZ020C,Rakovník,0.6571297921249722
CZ020C,Rakovník,0.7406505672689522
CZ020C,Rakovník,0.6060137924215834
CZ020C,Rakovník,0.6644585609412462
CZ020C,Rakovník,0.6205724596485157
CZ0311,České Budějovice,0.7461996687841412
CZ0311,České Budějovice,0.7119905084410609
CZ0311,České Budějovice,0.6163333910077367
CZ0311,České Budějovice,0.6966285191684999
CZ0311,České Budějovice,0.48001581926489856
CZ0311,České Budějovice,0.6329559779518995
CZ0311,České Budějovice,0.5303655733247645
CZ0311,České Budějovice,0.5586672269322985
CZ0311,České Budějovice,0.5059693007390563
CZ0311,České Budějovice,0.7623402625009269
CZ0311,České Budějovice,0.6848011468967051
CZ0311,České Budějovice,0.5636107472130905
CZ0311,České Budějovice,0.6623452060212077
CZ0311,České Budějovice,0.4623303754603653
CZ0311,České Budějovice,0.5784289492547643
CZ0311,České Budějovice,0.5239760733618409
CZ0311,České Budějovice,0.5234075685295498
CZ0311,České Budějovice,0.45451961341671404
CZ0312,Český Krumlov,0.8386558568356527
CZ0312,Český Krumlov,0.8171268260128037
CZ0312,Český Krumlov,0.6733198210445658
CZ0312,Český Krumlov,0.7824603900437501
CZ0312,Český Krumlov,0.6820945695429715
CZ0312,Český Krumlov,0.7417010653286205
CZ0312,Český Krumlov,0.6077440245198605
CZ0312,Český Krumlov,0.6627159700422671
CZ0312,Český Krumlov,0.5966334626887807
CZ0312,Český Krumlov,0.898015176607262
CZ0312,Český Krumlov,0.8539807697061077
CZ0312,Český Krumlov,0.750636478236152
CZ0312,Český Krumlov,0.8317843636453519
CZ0312,Český Krumlov,0.6230936549917196
CZ0312,Český Krumlov,0.7624144153051388
CZ0312,Český Krumlov,0.6782509825246558
CZ0312,Český Krumlov,0.6956892503151494
CZ0312,Český Krumlov,0.6637911857033394
CZ0313,Jindřichův Hradec,0.8790691351311268
CZ0313,Jindřichův Hradec,0.8208962602269075
CZ0313,Jindřichův Hradec,0.7350396717502533
CZ0313,Jindřichův Hradec,0.8147292186766196
CZ0313,Jindřichův Hradec,0.6396297303309687
CZ0313,Jindřichův Hradec,0.7441110314655066
CZ0313,Jindřichův Hradec,0.7164891118965816
CZ0313,Jindřichův Hradec,0.6999159601552265
CZ0313,Jindřichův Hradec,0.6607385619299503
CZ0313,Jindřichův Hradec,0.9234372296512346
CZ0313,Jindřichův Hradec,0.8552660849791136
CZ0313,Jindřichův Hradec,0.7546407296635934
CZ0313,Jindřichův Hradec,0.8487777146105742
CZ0313,Jindřichův Hradec,0.6427565069085696
CZ0313,Jindřichův Hradec,0.7594606619373656
CZ0313,Jindřichův Hradec,0.7029067899251057
CZ0313,Jindřichův Hradec,0.7015596806485899
CZ0313,Jindřichův Hradec,0.6574881973453296
CZ0314,Písek,0.8286699458684529
CZ0314,Písek,0.8460958548582446
CZ0314,Písek,0.824888152853647
CZ0314,Písek,0.832933732110636
CZ0314,Písek,0.686729119806214
CZ0314,Písek,0.7924833774130559
CZ0314,Písek,0.6832933732110636
CZ0314,Písek,0.7369305682576562
CZ0314,Písek,0.5827174530983513
CZ0314,Písek,0.9064685962874163
CZ0314,Písek,0.8241466248115283
CZ0314,Písek,0.736510369033789
CZ0314,Písek,0.8219343994858739
CZ0314,Písek,0.5720518080925427
CZ0314,Písek,0.7240156215240873
CZ0314,Písek,0.6587364362162296
CZ0314,Písek,0.6666831450676026
CZ0314,Písek,0.5960525990557877
CZ0315,Prachatice,0.9006228835553798
CZ0315,Prachatice,0.8243938008255679
CZ0315,Prachatice,0.7740564055664039
CZ0315,Prachatice,0.8191042341251205
CZ0315,Prachatice,0.5972884791259856
CZ0315,Prachatice,0.764119929802012
CZ0315,Prachatice,0.7664310255332822
CZ0315,Prachatice,0.7414786069159849
CZ0315,Prachatice,0.6127493388041625
CZ0315,Prachatice,0.9685715698148651
CZ0315,Prachatice,0.9113256049632944
CZ0315,Prachatice,0.7921620485948043
CZ0315,Prachatice,0.8711224262797538
CZ0315,Prachatice,0.7552833873000964
CZ0315,Prachatice,0.8222804459055293
CZ0315,Prachatice,0.7311590083298317
CZ0315,Prachatice,0.7626739501198804
CZ0315,Prachatice,0.7233606050868824
CZ0316,Strakonice,0.8401883481226982
CZ0316,Strakonice,0.818127888869664
CZ0316,Strakonice,0.755542922114838
CZ0316,Strakonice,0.7996267642188002
CZ0316,Strakonice,0.6760758336011073
CZ0316,Strakonice,0.7675680351978644
CZ0316,Strakonice,0.7330622636379366
CZ0316,Strakonice,0.7348419309390217
CZ0316,Strakonice,0.5758088835059446
CZ0316,Strakonice,0.9100155720888845
CZ0316,Strakonice,0.8468991769038733
CZ0316,Strakonice,0.7414786069159849
CZ0316,Strakonice,0.8319821044565835
CZ0316,Strakonice,0.6711323133203154
CZ0316,Strakonice,0.7541093012334084
CZ0316,Strakonice,0.6865808141977903
CZ0316,Strakonice,0.7026719727117681
CZ0316,Strakonice,0.652334577452604
CZ0317,Tábor,0.8732852164026003
CZ0317,Tábor,0.7847591269743184
CZ0317,Tábor,0.7508465778480856
CZ0317,Tábor,0.8009367970932101
CZ0317,Tábor,0.6508762389697704
CZ0317,Tábor,0.739612428009986
CZ0317,Tábor,0.6284450156956769
CZ0317,Tábor,0.6756556343772401
CZ0317,Tábor,0.6495167708925526
CZ0317,Tábor,0.8873495316014534
CZ0317,Tábor,0.8202536025904046
CZ0317,Tábor,0.734013891291989
CZ0317,Tábor,0.8128012457671108
CZ0317,Tábor,0.6092270806040981
CZ0317,Tábor,0.7327285760189831
CZ0317,Tábor,0.6813530415008527
CZ0317,Tábor,0.6784116469337815
CZ0317,Tábor,0.6760634748004054
CZ0321,Domažlice,0.8578985095286353
CZ0321,Domažlice,0.882047606100304
CZ0321,Domažlice,0.7694094965024594
CZ0321,Domažlice,0.828571075462837
CZ0321,Domažlice,0.7101490471364659
CZ0321,Domažlice,0.7933855698643004
CZ0321,Domažlice,0.7061447957090244
CZ0321,Domažlice,0.7361272462120276
CZ0321,Domažlice,0.7095681835034728
CZ0321,Domažlice,0.8910942482141533
CZ0321,Domažlice,0.8348987814222508
CZ0321,Domažlice,0.8120102825221841
CZ0321,Domažlice,0.8493462194428653
CZ0321,Domažlice,0.704562869219171
CZ0321,Domažlice,0.7854017846108213
CZ0321,Domažlice,0.7421830585559978
CZ0321,Domažlice,0.7528734211632103
CZ0321,Domažlice,0.6922782213214029
CZ0322,Klatovy,0.8931334503299799
CZ0322,Klatovy,0.8275576538052747
CZ0322,Klatovy,0.7360036582050078
CZ0322,Klatovy,0.8123934053439454
CZ0322,Klatovy,0.6981980868576513
CZ0322,Klatovy,0.7671107595718911
CZ0322,Klatovy,0.6679437427392045
CZ0322,Klatovy,0.7055144968732234
CZ0322,Klatovy,0.7112366215982401
CZ0322,Klatovy,0.91279630224683
CZ0322,Klatovy,0.8682922609190005
CZ0322,Klatovy,0.7412808661047532
CZ0322,Klatovy,0.8483451565860048
CZ0322,Klatovy,0.6335615591862965
CZ0322,Klatovy,0.7585708282868231
CZ0322,Klatovy,0.6671898558963838
CZ0322,Klatovy,0.6823170279556072
CZ0322,Klatovy,0.649294312479917
CZ0323,Plzeň-město,0.6587735126183355
CZ0323,Plzeň-město,0.6138616308673406
CZ0323,Plzeň-město,0.4585980176483674
CZ0323,Plzeň-město,0.5866846281236868
CZ0323,Plzeň-město,0.32629705613367277
CZ0323,Plzeň-město,0.5020021257137207
CZ0323,Plzeň-město,0.40603603826284695
CZ0323,Plzeň-město,0.41043577131275183
CZ0323,Plzeň-město,0.41813530415008526
CZ0323,Plzeň-město,0.710717551968757
CZ0323,Plzeň-město,0.6624317176261215
CZ0323,Plzeň-město,0.5359641100427615
CZ0323,Plzeň-město,0.638183750648837
CZ0323,Plzeň-město,0.40858195120745483
CZ0323,Plzeň-město,0.5382134117705218
CZ0323,Plzeň-město,0.49013767703982003
CZ0323,Plzeň-město,0.4805719652964876
CZ0323,Plzeň-město,0.4019081988283857
CZ0324,Plzeň-jih,0.8773759794349556
CZ0324,Plzeň-jih,0.831722569641842
CZ0324,Plzeň-jih,0.7769483649306671
CZ0324,Plzeň-jih,0.8297822379316311
CZ0324,Plzeň-jih,0.701460810242974
CZ0324,Plzeň-jih,0.7756136144548533
CZ0324,Plzeň-jih,0.6804261314482043
CZ0324,Plzeň-jih,0.7263390760560595
CZ0324,Plzeň-jih,0.6688088587883432
CZ0324,Plzeň-jih,0.9001161727265986
CZ0324,Plzeň-jih,0.886410262748103
CZ0324,Plzeň-jih,0.7619818572805694
CZ0324,Plzeň-jih,0.8418073510146575
CZ0324,Plzeň-jih,0.6631361692661344
CZ0324,Plzeň-jih,0.7797414538893146
CZ0324,Plzeň-jih,0.7003485181797958
CZ0324,Plzeň-jih,0.7170328991274687
CZ0324,Plzeň-jih,0.6383938502607707
CZ0325,Plzeň-sever,0.8271868897842153
CZ0325,Plzeň-sever,0.8002817806560052
CZ0325,Plzeň-sever,0.7024124378970265
CZ0325,Plzeň-sever,0.7753293620387077
CZ0325,Plzeň-sever,0.6485775020392022
CZ0325,Plzeň-sever,0.7263885112588674
CZ0325,Plzeň-sever,0.6777813480979805
CZ0325,Plzeň-sever,0.676916232048842
CZ0325,Plzeň-sever,0.638875843488148
CZ0325,Plzeň-sever,0.8736312628222558
CZ0325,Plzeň-sever,0.8154831055194404
CZ0325,Plzeň-sever,0.7201843933064735
CZ0325,Plzeň-sever,0.7992189237956349
CZ0325,Plzeň-sever,0.6459821538917864
CZ0325,Plzeň-sever,0.7258447240279803
CZ0325,Plzeň-sever,0.6729737746249104
CZ0325,Plzeň-sever,0.6829967619942161
CZ0325,Plzeň-sever,0.6180759819067158
CZ0326,Rokycany,0.8566255530563314
CZ0326,Rokycany,0.8182144004745779
CZ0326,Rokycany,0.7679140816175198
CZ0326,Rokycany,0.8178189188521146
CZ0326,Rokycany,0.7287861185950515
CZ0326,Rokycany,0.7761079664829325
CZ0326,Rokycany,0.6683392243616679
CZ0326,Rokycany,0.7185283140124082
CZ0326,Rokycany,0.659131917838693
CZ0326,Rokycany,0.8533133944682008
CZ0326,Rokycany,0.811997923721482
CZ0326,Rokycany,0.71498133821094
CZ0326,Rokycany,0.7877746743456016
CZ0326,Rokycany,0.6079664829324962
CZ0326,Rokycany,0.7232493758805646
CZ0326,Rokycany,0.6438193637689399
CZ0326,Rokycany,0.6638776973082532
CZ0326,Rokycany,0.601366883357639
CZ0327,Tachov,0.8420174506265912
CZ0327,Tachov,0.8595916652248066
CZ0327,Tachov,0.7663939491311763
CZ0327,Tachov,0.8141112786415207
CZ0327,Tachov,0.69531848629409
CZ0327,Tachov,0.7719554094470673
CZ0327,Tachov,0.7172306399387004
CZ0327,Tachov,0.7336925624737376
CZ0327,Tachov,0.6691672640087006
CZ0327,Tachov,0.913389524680525
CZ0327,Tachov,0.8794893343549942
CZ0327,Tachov,0.8148898830857454
CZ0327,Tachov,0.8670193044466965
CZ0327,Tachov,0.7237560867093458
CZ0327,Tachov,0.8123192525397336
CZ0327,Tachov,0.7254616012062189
CZ0327,Tachov,0.7625009269100527
CZ0327,Tachov,0.7122994784586104
CZ0411,Cheb,0.8602961168648194
CZ0411,Cheb,0.8413253577872803
CZ0411,Cheb,0.8382232988110834
CZ0411,Cheb,0.8461576488617545
CZ0411,Cheb,0.7368440566527424
CZ0411,Cheb,0.8073262970561337
CZ0411,Cheb,0.7573349482166251
CZ0411,Cheb,0.7822997256346245
CZ0411,Cheb,0.732765652421089
CZ0411,Cheb,0.9205329114862694
CZ0411,Cheb,0.8945423536100057
CZ0411,Cheb,0.8238870899967867
CZ0411,Cheb,0.873507674815236
CZ0411,Cheb,0.7490421929455966
CZ0411,Cheb,0.8239612428009986
CZ0411,Cheb,0.7767629829201375
CZ0411,Cheb,0.7883802555799985
CZ0411,Cheb,0.756766443384334
CZ0412,Karlovy Vary,0.8503349234990236
CZ0412,Karlovy Vary,0.7917171317695331
CZ0412,Karlovy Vary,0.7357564821909682
CZ0412,Karlovy Vary,0.7889364016115876
CZ0412,Karlovy Vary,0.6270484712163532
CZ0412,Karlovy Vary,0.7265738932693971
CZ0412,Karlovy Vary,0.6795857330004696
CZ0412,Karlovy Vary,0.6871122426279754
CZ0412,Karlovy Vary,0.5815680846330672
CZ0412,Karlovy Vary,0.9100279308895864
CZ0412,Karlovy Vary,0.8708010974615024
CZ0412,Karlovy Vary,0.7826828484563858
CZ0412,Karlovy Vary,0.8479867513656475
CZ0412,Karlovy Vary,0.6891761623452061
CZ0412,Karlovy Vary,0.7786538794275404
CZ0412,Karlovy Vary,0.7258570828286823
CZ0412,Karlovy Vary,0.7371530266702919
CZ0412,Karlovy Vary,0.6803396198432904
CZ0413,Sokolov,0.9251056677460019
CZ0413,Sokolov,0.8691079417653311
CZ0413,Sokolov,0.7915564673604073
CZ0413,Sokolov,0.8570457522801987
CZ0413,Sokolov,0.7566675729787181
CZ0413,Sokolov,0.8092542699656425
CZ0413,Sokolov,0.7577427886397904
CZ0413,Sokolov,0.7703611241565118
CZ0413,Sokolov,0.7389079763699731
CZ0413,Sokolov,0.98526830956324
CZ0413,Sokolov,0.971760140395976
CZ0413,Sokolov,0.91398274711422
CZ0413,Sokolov,0.9537904441752972
CZ0413,Sokolov,0.8377289467830041
CZ0413,Sokolov,0.8993128506809699
CZ0413,Sokolov,0.8671676100551202
CZ0413,Sokolov,0.8710729910769459
CZ0413,Sokolov,0.8364930667128062
CZ0421,Děčín,0.9001161727265986
CZ0421,Děčín,0.8662777764045777
CZ0421,Děčín,0.8123686877425415
CZ0421,Děčín,0.8536717996885582
CZ0421,Děčín,0.7533924907926934
CZ0421,Děčín,0.8108979904590059
CZ0421,Děčín,0.7527745507575945
CZ0421,Děčín,0.7759967372766147
CZ0421,Děčín,0.7183923672046865
CZ0421,Děčín,0.9621202758484316
CZ0421,Děčín,0.9274167634772722
CZ0421,Děčín,0.8397557900981288
CZ0421,Děčín,0.9077291939590182
CZ0421,Děčín,0.7611291000321329
CZ0421,Děčín,0.8452307388091059
CZ0421,Děčín,0.7854265022122253
CZ0421,Děčín,0.7986998541661517
CZ0421,Děčín,0.7607212596089675
CZ0422,Chomutov,0.8795634871592061
CZ0422,Chomutov,0.8352942630447141
CZ0422,Chomutov,0.7734508243320068
CZ0422,Chomutov,0.824949946857157
CZ0422,Chomutov,0.686741478606916
CZ0422,Chomutov,0.778233680203673
CZ0422,Chomutov,0.6876931062609685
CZ0422,Chomutov,0.726648046073609
CZ0422,Chomutov,0.7010776874212127
CZ0422,Chomutov,0.9890748201794498
CZ0422,Chomutov,0.9481301134537904
CZ0422,Chomutov,0.8784759126974319
CZ0422,Chomutov,0.9256247373754851
CZ0422,Chomutov,0.8263341325357787
CZ0422,Chomutov,0.8806139852188744
CZ0422,Chomutov,0.8417084806090417
CZ0422,Chomutov,0.8503102058976197
CZ0422,Chomutov,0.8140494846380107
CZ0423,Litoměřice,0.9120424154040092
CZ0423,Litoměřice,0.8680327261042589
CZ0423,Litoměřice,0.7794077662703611
CZ0423,Litoměřice,0.8503349234990236
CZ0423,Litoměřice,0.7149071854067282
CZ0423,Litoměřice,0.7931754702523667
CZ0423,Litoměřice,0.7488691697357689
CZ0423,Litoměřice,0.7490174753441926
CZ0423,Litoměřice,0.6839607484489705
CZ0423,Litoměřice,0.8923424870850533
CZ0423,Litoměřice,0.8334528017401192
CZ0423,Litoměřice,0.7162790122846479
CZ0423,Litoměřice,0.8105890204414563
CZ0423,Litoměřice,0.6248733222928047
CZ0423,Litoměřice,0.730343327483501
CZ0423,Litoměřice,0.6508268037669624
CZ0423,Litoměřice,0.6702054032676669
CZ0423,Litoměřice,0.6182119287144375
CZ0424,Louny,0.8740391032454211
CZ0424,Louny,0.8707022270558865
CZ0424,Louny,0.8613960501272957
CZ0424,Louny,0.8676496032824975
CZ0424,Louny,0.7025854611068542
CZ0424,Louny,0.8240724720073164
CZ0424,Louny,0.780668363941963
CZ0424,Louny,0.7956101539906567
CZ0424,Louny,0.6933905133845811
CZ0424,Louny,0.9507378204019082
CZ0424,Louny,0.8988679338556986
CZ0424,Louny,0.8084138715179079
CZ0424,Louny,0.8841980374224485
CZ0424,Louny,0.7198754232889241
CZ0424,Louny,0.8088340707417753
CZ0424,Louny,0.7701757421459822
CZ0424,Louny,0.7670984007711892
CZ0424,Louny,0.7357935585930742
CZ0425,Most,0.8115777244976148
CZ0425,Most,0.7908643745210965
CZ0425,Most,0.7381664483278543
CZ0425,Most,0.7806189287391552
CZ0425,Most,0.6874830066490347
CZ0425,Most,0.7423684405665274
CZ0425,Most,0.6776948364930667
CZ0425,Most,0.7013125046345503
CZ0425,Most,0.5911955903799095
CZ0425,Most,0.9587957584595991
CZ0425,Most,0.9212991571297922
CZ0425,Most,0.8605062164767531
CZ0425,Most,0.9028351088810341
CZ0425,Most,0.787465704328052
CZ0425,Most,0.8406703413500753
CZ0425,Most,0.827434065798255
CZ0425,Most,0.820673801814272
CZ0425,Most,0.7870949403069926
CZ0426,Teplice,0.8410411053711347
CZ0426,Teplice,0.8136540030155474
CZ0426,Teplice,0.7621548804903973
CZ0426,Teplice,0.8041748028771288
CZ0426,Teplice,0.6992238673159157
CZ0426,Teplice,0.7674691647922486
CZ0426,Teplice,0.6378377042291816
CZ0426,Teplice,0.7146229329905825
CZ0426,Teplice,0.6777195540944707
CZ0426,Teplice,0.952047853276318
CZ0426,Teplice,0.9337568282373878
CZ0426,Teplice,0.8533999060731147
CZ0426,Teplice,0.9026126504683986
CZ0426,Teplice,0.7901475640803817
CZ0426,Teplice,0.8549076797587563
CZ0426,Teplice,0.8184986528907234
CZ0426,Teplice,0.8215759942655165
CZ0426,Teplice,0.7599797315668487
CZ0427,Ústí nad Labem,0.8193266925377561
CZ0427,Ústí nad Labem,0.6921546333143832
CZ0427,Ústí nad Labem,0.7081469214227452
CZ0427,Ústí nad Labem,0.7413179425068591
CZ0427,Ústí nad Labem,0.5980547247695084
CZ0427,Ústí nad Labem,0.6769533084509479
CZ0427,Ústí nad Labem,0.5923696764465977
CZ0427,Ústí nad Labem,0.650493116148009
CZ0427,Ústí nad Labem,0.4738982129174185
CZ0427,Ústí nad Labem,0.9071854067281311
CZ0427,Ústí nad Labem,0.8603579108683294
CZ0427,Ústí nad Labem,0.745062659119559
CZ0427,Ústí nad Labem,0.8172133376177175
CZ0427,Ústí nad Labem,0.6490224188644734
CZ0427,Ústí nad Labem,0.7514027238796747
CZ0427,Ústí nad Labem,0.7111748275947302
CZ0427,Ústí nad Labem,0.7079244630101095
CZ0427,Ústí nad Labem,0.6672392910991918
CZ0511,Česká Lípa,0.8626813654003016
CZ0511,Česká Lípa,0.8049286897199496
CZ0511,Česká Lípa,0.7682848456385792
CZ0511,Česká Lípa,0.8167684207924463
CZ0511,Česká Lípa,0.6482685320216526
CZ0511,Česká Lípa,0.7514768766838866
CZ0511,Česká Lípa,0.7182564203969647
CZ0511,Česká Lípa,0.7156857898509529
CZ0511,Česká Lípa,0.6679808191413106
CZ0511,Česká Lípa,0.9413327730677015
CZ0511,Česká Lípa,0.8975579009812887
CZ0511,Česká Lípa,0.8106013792421584
CZ0511,Česká Lípa,0.8787601651135774
CZ0511,Česká Lípa,0.6717873297575203
CZ0511,Česká Lípa,0.8006401858763625
CZ0511,Česká Lípa,0.7435796030353214
CZ0511,Česká Lípa,0.7460513631757174
CZ0511,Česká Lípa,0.7324072472007317
CZ0512,Jablonec nad Nisou,0.8407568529549893
CZ0512,Jablonec nad Nisou,0.7914946733568975
CZ0512,Jablonec nad Nisou,0.7464592035988827
CZ0512,Jablonec nad Nisou,0.7971179276762983
CZ0512,Jablonec nad Nisou,0.6260597671601947
CZ0512,Jablonec nad Nisou,0.729750105049806
CZ0512,Jablonec nad Nisou,0.653533381120696
CZ0512,Jablonec nad Nisou,0.6845045356798576
CZ0512,Jablonec nad Nisou,0.6565489284919791
CZ0512,Jablonec nad Nisou,0.8823812937192574
CZ0512,Jablonec nad Nisou,0.8340954593766221
CZ0512,Jablonec nad Nisou,0.7180710383864349
CZ0512,Jablonec nad Nisou,0.8045579256988902
CZ0512,Jablonec nad Nisou,0.6385545146698964
CZ0512,Jablonec nad Nisou,0.734063326494797
CZ0512,Jablonec nad Nisou,0.6722816817855995
CZ0512,Jablonec nad Nisou,0.6806733074622439
CZ0512,Jablonec nad Nisou,0.6150604345354327
CZ0513,Liberec,0.7645154114244753
CZ0513,Liberec,0.711323133203154
CZ0513,Liberec,0.6410509924116964
CZ0513,Liberec,0.7005091825889216
CZ0513,Liberec,0.5433299552611415
CZ0513,Liberec,0.6390612254986776
CZ0513,Liberec,0.5410065007291692
CZ0513,Liberec,0.5825567886892256
CZ0513,Liberec,0.4945374100897249
CZ0513,Liberec,0.7864152062683837
CZ0513,Liberec,0.7128679832909014
CZ0513,Liberec,0.6347356452529846
CZ0513,Liberec,0.7067627357441234
CZ0513,Liberec,0.49202857354722296
CZ0513,Liberec,0.6214128580962504
CZ0513,Liberec,0.5468522134612057
CZ0513,Liberec,0.5681093506686111
CZ0513,Liberec,0.49058259386509134
CZ0514,Semily,0.8711965790839656
CZ0514,Semily,0.84026250092691
CZ0514,Semily,0.7495118273722718
CZ0514,Semily,0.8179672244605384
CZ0514,Semily,0.6672887263019996
CZ0514,Semily,0.7653063746694021
CZ0514,Semily,0.6925624737375485
CZ0514,Semily,0.7120523024445707
CZ0514,Semily,0.64375756976543
CZ0514,Semily,0.8890056108955187
CZ0514,Semily,0.8394715376819833
CZ0514,Semily,0.7600786019724646
CZ0514,Semily,0.829868749536545
CZ0514,Semily,0.5985861531996935
CZ0514,Semily,0.7637491657809526
CZ0514,Semily,0.6104629606742962
CZ0514,Semily,0.6722816817855995
CZ0514,Semily,0.590874261561658
CZ0521,Hradec Králové,0.7286130953852238
CZ0521,Hradec Králové,0.7031786835405492
CZ0521,Hradec Králové,0.5883901426205601
CZ0521,Hradec Králové,0.6747658007266975
CZ0521,Hradec Králové,0.4697827322836592
CZ0521,Hradec Králové,0.6095113330202437
CZ0521,Hradec Králové,0.49500704451640015
CZ0521,Hradec Králové,0.5277949427787527
CZ0521,Hradec Králové,0.4464987517611291
CZ0521,Hradec Králové,0.71991249969103
CZ0521,Hradec Králové,0.6331290011617272
CZ0521,Hradec Králové,0.49731814024767035
CZ0521,Hradec Králové,0.6176310650814445
CZ0521,Hradec Králové,0.326173468126653
CZ0521,Hradec Králové,0.5003213288182515
CZ0521,Hradec Králové,0.4557060582841041
CZ0521,Hradec Králové,0.4390463949378352
CZ0521,Hradec Králové,0.3510517339397385
CZ0522,Jičín,0.8632993054354006
CZ0522,Jičín,0.8744345848678844
CZ0522,Jičín,0.7698049781249228
CZ0522,Jičín,0.8364930667128062
CZ0522,Jičín,0.6785105173393974
CZ0522,Jičín,0.7846973329708085
CZ0522,Jičín,0.6749017475344192
CZ0522,Jičín,0.7166003411028994
CZ0522,Jičín,0.6738883258768569
CZ0522,Jičín,0.8446498751761129
CZ0522,Jičín,0.8081296191017624
CZ0522,Jičín,0.7347677781348098
CZ0522,Jičín,0.7952517487702994
CZ0522,Jičín,0.6249721926984205
CZ0522,Jičín,0.7364114986281731
CZ0522,Jičín,0.5886743950367056
CZ0522,Jičín,0.6562152408730256
CZ0522,Jičín,0.5984996415947796
CZ0523,Náchod,0.8684282077267222
CZ0523,Náchod,0.8476407049459921
CZ0523,Náchod,0.8058679585733001
CZ0523,Náchod,0.8426353906616902
CZ0523,Náchod,0.7397483748177077
CZ0523,Náchod,0.8036804508490496
CZ0523,Náchod,0.6645327137454582
CZ0523,Náchod,0.7455199347455322
CZ0523,Náchod,0.6592431470450107
CZ0523,Náchod,0.9396643349729342
CZ0523,Náchod,0.8963343797117928
CZ0523,Náchod,0.8012828435128655
CZ0523,Náchod,0.8843957782336802
CZ0523,Náchod,0.7323330943965197
CZ0523,Náchod,0.8149022418864473
CZ0523,Náchod,0.6812294534938329
CZ0523,Náchod,0.7399831920310453
CZ0523,Náchod,0.6886200163136169
CZ0524,Rychnov nad Kněžnou,0.8462070840645624
CZ0524,Rychnov nad Kněžnou,0.8179672244605384
CZ0524,Rychnov nad Kněžnou,0.7779988629903354
CZ0524,Rychnov nad Kněžnou,0.8116889537039326
CZ0524,Rychnov nad Kněžnou,0.6361569073337123
CZ0524,Rychnov nad Kněžnou,0.7627604617247943
CZ0524,Rychnov nad Kněžnou,0.676298292013743
CZ0524,Rychnov nad Kněžnou,0.7124848604691401
CZ0524,Rychnov nad Kněžnou,0.6494179004869367
CZ0524,Rychnov nad Kněžnou,0.8696022937934103
CZ0524,Rychnov nad Kněžnou,0.8299552611414588
CZ0524,Rychnov nad Kněžnou,0.7442716958746324
CZ0524,Rychnov nad Kněžnou,0.810811478854092
CZ0524,Rychnov nad Kněžnou,0.6516548434139952
CZ0524,Rychnov nad Kněžnou,0.7423684405665274
CZ0524,Rychnov nad Kněžnou,0.6970240007909633
CZ0524,Rychnov nad Kněžnou,0.6999901129594385
CZ0524,Rychnov nad Kněžnou,0.6696245396346738
CZ0525,Trutnov,0.8480485453691574
CZ0525,Trutnov,0.8049163309192476
CZ0525,Trutnov,0.7554687693106261
CZ0525,Trutnov,0.79975035222582
CZ0525,Trutnov,0.6754084583632004
CZ0525,Trutnov,0.7415280421187928
CZ0525,Trutnov,0.6743826779049361
CZ0525,Trutnov,0.709444595496453
CZ0525,Trutnov,0.6462540475072299
CZ0525,Trutnov,0.9140445411177299
CZ0525,Trutnov,0.8543762513285711
CZ0525,Trutnov,0.753108238376548
CZ0525,Trutnov,0.8296833675260152
CZ0525,Trutnov,0.6797093210074895
CZ0525,Trutnov,0.7593988679338557
CZ0525,Trutnov,0.6976172232246582
CZ0525,Trutnov,0.713782534542848
CZ0525,Trutnov,0.6538176335368416
CZ0531,Chrudim,0.8723706651506538
CZ0531,Chrudim,0.8271868897842153
CZ0531,Chrudim,0.7663692315297723
CZ0531,Chrudim,0.824949946857157
CZ0531,Chrudim,0.6922040685171911
CZ0531,Chrudim,0.7714857750203921
CZ0531,Chrudim,0.7174654571520379
CZ0531,Chrudim,0.7280322317522308
CZ0531,Chrudim,0.6924512445312306
CZ0531,Chrudim,0.8886719232765652
CZ0531,Chrudim,0.8297822379316311
CZ0531,Chrudim,0.7275008033220456
CZ0531,Chrudim,0.8191042341251205
CZ0531,Chrudim,0.6652866005882789
CZ0531,Chrudim,0.7519835875126678
CZ0531,Chrudim,0.7057122376844551
CZ0531,Chrudim,0.702733766715278
CZ0531,Chrudim,0.6466124527275873
CZ0532,Pardubice,0.731554489952295
CZ0532,Pardubice,0.6768544380453321
CZ0532,Pardubice,0.6417307264503053
CZ0532,Pardubice,0.6943050646365276
CZ0532,Pardubice,0.48306844303828755
CZ0532,Pardubice,0.6190399683614702
CZ0532,Pardubice,0.4939194700546259
CZ0532,Pardubice,0.5550955335294263
CZ0532,Pardubice,0.47845861037644905
CZ0532,Pardubice,0.7577675062411944
CZ0532,Pardubice,0.6843933064735398
CZ0532,Pardubice,0.5580492868971995
CZ0532,Pardubice,0.6657438762142521
CZ0532,Pardubice,0.42289344242034754
CZ0532,Pardubice,0.5710631040363843
CZ0532,Pardubice,0.48141236374422225
CZ0532,Pardubice,0.49506883851991
CZ0532,Pardubice,0.41666460686654966
CZ0533,Svitavy,0.8493091430407593
CZ0533,Svitavy,0.8661789059989619
CZ0533,Svitavy,0.757977605853128
CZ0533,Svitavy,0.826210544528759
CZ0533,Svitavy,0.7000395481622463
CZ0533,Svitavy,0.7829794596732333
CZ0533,Svitavy,0.7609931532244111
CZ0533,Svitavy,0.7414291717131769
CZ0533,Svitavy,0.7257705712237684
CZ0533,Svitavy,0.8896853449341275
CZ0533,Svitavy,0.834799911016635
CZ0533,Svitavy,0.7577304298390884
CZ0533,Svitavy,0.8254566576859381
CZ0533,Svitavy,0.6716143065476926
CZ0533,Svitavy,0.7620807276861853
CZ0533,Svitavy,0.6764836740242727
CZ0533,Svitavy,0.708245791828361
CZ0533,Svitavy,0.6512593617915318
CZ0534,Ústí nad Orlicí,0.8677855500902193
CZ0534,Ústí nad Orlicí,0.8507180463207851
CZ0534,Ústí nad Orlicí,0.7560125565415132
CZ0534,Ústí nad Orlicí,0.8249993820599649
CZ0534,Ústí nad Orlicí,0.719245124453123
CZ0534,Ústí nad Orlicí,0.7860444422473243
CZ0534,Ústí nad Orlicí,0.7109152927799887
CZ0534,Ústí nad Orlicí,0.732160071186692
CZ0534,Ústí nad Orlicí,0.684306794868626
CZ0534,Ústí nad Orlicí,0.9130064018587636
CZ0534,Ústí nad Orlicí,0.8299552611414588
CZ0534,Ústí nad Orlicí,0.7453716291371085
CZ0534,Ústí nad Orlicí,0.8227500803322045
CZ0534,Ústí nad Orlicí,0.686716761005512
CZ0534,Ústí nad Orlicí,0.7560125565415132
CZ0534,Ústí nad Orlicí,0.6887806807227427
CZ0534,Ústí nad Orlicí,0.7135971525323183
CZ0534,Ústí nad Orlicí,0.6778431421014904
CZ0631,Havlíčkův Brod,0.8574535927033641
CZ0631,Havlíčkův Brod,0.8270880193785995
CZ0631,Havlíčkův Brod,0.7711273698000346
CZ0631,Havlíčkův Brod,0.8086981239340535
CZ0631,Havlíčkův Brod,0.6717008181526065
CZ0631,Havlíčkův Brod,0.7638974713893764
CZ0631,Havlíčkův Brod,0.6881874582890476
CZ0631,Havlíčkův Brod,0.7180463207850311
CZ0631,Havlíčkův Brod,0.646810193538819
CZ0631,Havlíčkův Brod,0.8981016882121758
CZ0631,Havlíčkův Brod,0.8496551894604147
CZ0631,Havlíčkův Brod,0.7774056405566404
CZ0631,Havlíčkův Brod,0.842746619868008
CZ0631,Havlíčkův Brod,0.6549422844007218
CZ0631,Havlíčkův Brod,0.7730059075067356
CZ0631,Havlíčkův Brod,0.6673258027041056
CZ0631,Havlíčkův Brod,0.7083199446325729
CZ0631,Havlíčkův Brod,0.6509133153718764
CZ0632,Jihlava,0.7639469065921843
CZ0632,Jihlava,0.7570630546011815
CZ0632,Jihlava,0.6969127715846454
CZ0632,Jihlava,0.7430728922065403
CZ0632,Jihlava,0.5830140643151989
CZ0632,Jihlava,0.6901277899992585
CZ0632,Jihlava,0.6173962478681069
CZ0632,Jihlava,0.6399757767506241
CZ0632,Jihlava,0.5628321427688657
CZ0632,Jihlava,0.7833131472921868
CZ0632,Jihlava,0.7245099735521665
CZ0632,Jihlava,0.646822552339521
CZ0632,Jihlava,0.7150678498158539
CZ0632,Jihlava,0.5033986701930445
CZ0632,Jihlava,0.6420767728699607
CZ0632,Jihlava,0.5533529426304471
CZ0632,Jihlava,0.5838544627629335
CZ0632,Jihlava,0.4978495686778555
CZ0633,Pelhřimov,0.8676496032824975
CZ0633,Pelhřimov,0.8354796450552439
CZ0633,Pelhřimov,0.7577675062411944
CZ0633,Pelhřimov,0.8067454334231406
CZ0633,Pelhřimov,0.7133376177175766
CZ0633,Pelhřimov,0.7749709568183504
CZ0633,Pelhřimov,0.7445435894900759
CZ0633,Pelhřimov,0.7428627925946066
CZ0633,Pelhřimov,0.648664013644116
CZ0633,Pelhřimov,0.8642632918901549
CZ0633,Pelhřimov,0.8330820377190598
CZ0633,Pelhřimov,0.7894925476431767
CZ0633,Pelhřimov,0.829238450700744
CZ0633,Pelhřimov,0.6395308599253529
CZ0633,Pelhřimov,0.7570877722025855
CZ0633,Pelhřimov,0.6736905850656252
CZ0633,Pelhřimov,0.7031663247398472
CZ0633,Pelhřimov,0.6342412932249054
CZ0634,Třebíč,0.8755345181303607
CZ0634,Třebíč,0.8631633586276788
CZ0634,Třebíč,0.7798156066935265
CZ0634,Třebíč,0.8324640976839608
CZ0634,Třebíč,0.7061447957090244
CZ0634,Třebíč,0.7854017846108213
CZ0634,Třebíč,0.7457176755567639
CZ0634,Třebíč,0.7460019279729095
CZ0634,Třebíč,0.6392960427120152
CZ0634,Třebíč,0.8724324591541637
CZ0634,Třebíč,0.7978347381170131
CZ0634,Třebíč,0.6926737029438663
CZ0634,Třebíč,0.7864893590725957
CZ0634,Třebíč,0.6327458783399659
CZ0634,Třebíč,0.7120646612452728
CZ0634,Třebíč,0.6082260177472378
CZ0634,Třebíč,0.651073979781002
CZ0634,Třebíč,0.5700496823788219
CZ0635,Žďár nad Sázavou,0.8644981091034926
CZ0635,Žďár nad Sázavou,0.8063252341992733
CZ0635,Žďár nad Sázavou,0.7325926292112613
CZ0635,Žďár nad Sázavou,0.8020243715549843
CZ0635,Žďár nad Sázavou,0.6969004127839434
CZ0635,Žďár nad Sázavou,0.7507847838445757
CZ0635,Žďár nad Sázavou,0.6792273277801122
CZ0635,Žďár nad Sázavou,0.7048718392367205
CZ0635,Žďár nad Sázavou,0.600699508119732
CZ0635,Žďár nad Sázavou,0.8321798452678152
CZ0635,Žďár nad Sázavou,0.7930889586474529
CZ0635,Žďár nad Sázavou,0.6749882591393331
CZ0635,Žďár nad Sázavou,0.757347307017327
CZ0635,Žďár nad Sázavou,0.554650616704155
CZ0635,Žďár nad Sázavou,0.6712435425266332
CZ0635,Žďár nad Sázavou,0.6255036211286057
CZ0635,Žďár nad Sázavou,0.6215488049039721
CZ0635,Žďár nad Sázavou,0.5600143362088142
CZ0641,Blansko,0.829263168302148
CZ0641,Blansko,0.8278295474207183
CZ0641,Blansko,0.7199866524952419
CZ0641,Blansko,0.7881083619645549
CZ0641,Blansko,0.6829844031935141
CZ0641,Blansko,0.7529970091702302
CZ0641,Blansko,0.6939713770175742
CZ0641,Blansko,0.7023877202956225
CZ0641,Blansko,0.6562275996737277
CZ0641,Blansko,0.8243938008255679
CZ0641,Blansko,0.7849815853869541
CZ0641,Blansko,0.7244976147514646
CZ0641,Blansko,0.7768989297278592
CZ0641,Blansko,0.5965222334824629
CZ0641,Blansko,0.711323133203154
CZ0641,Blansko,0.5213930840151272
CZ0641,Blansko,0.625911461551771
CZ0641,Blansko,0.5139778035939393
CZ0642,Brno-město,0.54544331018118
CZ0642,Brno-město,0.5279803247892825
CZ0642,Brno-město,0.37134488469238947
CZ0642,Brno-město,0.47335442568653135
CZ0642,Brno-město,0.2722149442618088
CZ0642,Brno-město,0.39633437971179275
CZ0642,Brno-město,0.2232740934819685
CZ0642,Brno-město,0.3004300862644289
CZ0642,Brno-město,0.15454680277825839
CZ0642,Brno-město,0.5652297501050498
CZ0642,Brno-město,0.4801641248733223
CZ0642,Brno-město,0.30906888795511284
CZ0642,Brno-město,0.45348147415774775
CZ0642,Brno-město,0.15918135304150086
CZ0642,Brno-město,0.33450329979978743
CZ0642,Brno-město,0.2280075141508268
CZ0642,Brno-město,0.2418864473391502
CZ0642,Brno-město,0.09816595397582618
CZ0643,Brno-venkov,0.7777146105741899
CZ0643,Brno-venkov,0.7520700991175816
CZ0643,Brno-venkov,0.6761623452060213
CZ0643,Brno-venkov,0.7416392713251106
CZ0643,Brno-venkov,0.620955582470277
CZ0643,Brno-venkov,0.6929826729614158
CZ0643,Brno-venkov,0.6043700719282201
CZ0643,Brno-venkov,0.6364040833477519
CZ0643,Brno-venkov,0.5742145982153892
CZ0643,Brno-venkov,0.799144770991423
CZ0643,Brno-venkov,0.7388214647650592
CZ0643,Brno-venkov,0.6608621499369701
CZ0643,Brno-venkov,0.7238673159156636
CZ0643,Brno-venkov,0.5529203846058779
CZ0643,Brno-venkov,0.6634698568850879
CZ0643,Brno-venkov,0.5388931458091307
CZ0643,Brno-venkov,0.5959784462515757
CZ0643,Brno-venkov,0.45455668981881997
CZ0644,Břeclav,0.8482339273796871
CZ0644,Břeclav,0.7764416541018859
CZ0644,Břeclav,0.7220629310131745
CZ0644,Břeclav,0.7829176656697234
CZ0644,Břeclav,0.6607509207306523
CZ0644,Břeclav,0.7333588748547841
CZ0644,Břeclav,0.6615295251748771
CZ0644,Břeclav,0.6857404157500556
CZ0644,Břeclav,0.6340559112143758
CZ0644,Břeclav,0.8426601082630941
CZ0644,Břeclav,0.7570136193983735
CZ0644,Břeclav,0.6702671972711768
CZ0644,Břeclav,0.7565069085695925
CZ0644,Břeclav,0.5327631806609486
CZ0644,Břeclav,0.6593790938527325
CZ0644,Břeclav,0.6004028969028845
CZ0644,Břeclav,0.6080653533381121
CZ0644,Břeclav,0.5381639765677139
CZ0645,Hodonín,0.8730627579899647
CZ0645,Hodonín,0.8638678102676917
CZ0645,Hodonín,0.768433151247003
CZ0645,Hodonín,0.8360605086882369
CZ0645,Hodonín,0.7260177472378081
CZ0645,Hodonín,0.789294806831945
CZ0645,Hodonín,0.7311590083298317
CZ0645,Hodonín,0.7430852510072422
CZ0645,Hodonín,0.6750006179400351
CZ0645,Hodonín,0.8699236226116618
CZ0645,Hodonín,0.8260745977210372
CZ0645,Hodonín,0.7074424697827323
CZ0645,Hodonín,0.8047927429122278
CZ0645,Hodonín,0.5840151271720593
CZ0645,Hodonín,0.7220258546110685
CZ0645,Hodonín,0.6387398966804261
CZ0645,Hodonín,0.649887534913612
CZ0645,Hodonín,0.6048520651555973
CZ0646,Vyškov,0.8338977185653904
CZ0646,Vyškov,0.7833378648935907
CZ0646,Vyškov,0.7202214697085795
CZ0646,Vyškov,0.7854635786143312
CZ0646,Vyškov,0.6623452060212077
CZ0646,Vyškov,0.7377956843067949
CZ0646,Vyškov,0.6571668685270782
CZ0646,Vyškov,0.6851842697184665
CZ0646,Vyškov,0.5919865536248362
CZ0646,Vyškov,0.81573028153348
CZ0646,Vyškov,0.7663568727290704
CZ0646,Vyškov,0.6389623550930618
CZ0646,Vyškov,0.7348048545369157
CZ0646,Vyškov,0.594557184170848
CZ0646,Vyškov,0.6765949032305905
CZ0646,Vyškov,0.5259905578762637
CZ0646,Vyškov,0.5989939936228589
CZ0646,Vyškov,0.5154608596781768
CZ0647,Znojmo,0.8315248288306103
CZ0647,Znojmo,0.8160639691524334
CZ0647,Znojmo,0.7761450428850384
CZ0647,Znojmo,0.8111204488716415
CZ0647,Znojmo,0.675050053142843
CZ0647,Znojmo,0.7660849791136268
CZ0647,Znojmo,0.6593914526534345
CZ0647,Znojmo,0.7089378846676718
CZ0647,Znojmo,0.6519514546308426
CZ0647,Znojmo,0.8516449563734335
CZ0647,Znojmo,0.789294806831945
CZ0647,Znojmo,0.7090367550732877
CZ0647,Znojmo,0.7791358726549176
CZ0647,Znojmo,0.5946436957757619
CZ0647,Znojmo,0.705761672887263
CZ0647,Znojmo,0.6286798329090145
CZ0647,Znojmo,0.6522851422497961
CZ0647,Znojmo,0.6129841560175001
CZ0711,Jeseník,0.9565588155325407
CZ0711,Jeseník,0.8810712608448477
CZ0711,Jeseník,0.8494698074498851
CZ0711,Jeseník,0.8780557134735645
CZ0711,Jeseník,0.767802852411202
CZ0711,Jeseník,0.8260128037175273
CZ0711,Jeseník,0.7726227846849741
CZ0711,Jeseník,0.8017895543416467
CZ0711,Jeseník,0.727945720147317
CZ0711,Jeseník,0.967422201349581
CZ0711,Jeseník,0.9095706552636132
CZ0711,Jeseník,0.8230219739476481
CZ0711,Jeseník,0.8959141804879255
CZ0711,Jeseník,0.7341992733025188
CZ0711,Jeseník,0.8155078231208444
CZ0711,Jeseník,0.7515881058902044
CZ0711,Jeseník,0.7712138814049485
CZ0711,Jeseník,0.7481276416936501
CZ0712,Olomouc,0.8124551993474554
CZ0712,Olomouc,0.7953259015745112
CZ0712,Olomouc,0.7376844551004771
CZ0712,Olomouc,0.7799639123019502
CZ0712,Olomouc,0.6610846083496058
CZ0712,Olomouc,0.7354227945720148
CZ0712,Olomouc,0.6117111995451961
CZ0712,Olomouc,0.6851595521170626
CZ0712,Olomouc,0.6481202264132289
CZ0712,Olomouc,0.7622290332946091
CZ0712,Olomouc,0.6927478557480782
CZ0712,Olomouc,0.5943223669575104
CZ0712,Olomouc,0.6794250685913439
CZ0712,Olomouc,0.47116691796228094
CZ0712,Olomouc,0.5925426996564254
CZ0712,Olomouc,0.5087253132955978
CZ0712,Olomouc,0.5309464369577577
CZ0712,Olomouc,0.4628370862891465
CZ0713,Prostějov,0.8863113923424871
CZ0713,Prostějov,0.8696146525941123
CZ0713,Prostějov,0.7901969992831895
CZ0713,Prostějov,0.8398670193044467
CZ0713,Prostějov,0.7115455916157896
CZ0713,Prostějov,0.7907160689126728
CZ0713,Prostějov,0.7261042588427219
CZ0713,Prostějov,0.7464221271967768
CZ0713,Prostějov,0.6991744321131077
CZ0713,Prostějov,0.8805151148132585
CZ0713,Prostějov,0.8256791160985738
CZ0713,Prostějov,0.7349778777467435
CZ0713,Prostějov,0.8080431074968485
CZ0713,Prostějov,0.6151963813431545
CZ0713,Prostějov,0.7294040586301506
CZ0713,Prostějov,0.6622463356155919
CZ0713,Prostějov,0.6764465976221667
CZ0713,Prostějov,0.6181254171095237
CZ0714,Přerov,0.910954840942235
CZ0714,Přerov,0.8948513236275552
CZ0714,Přerov,0.8308821711941073
CZ0714,Přerov,0.8770299330153002
CZ0714,Přerov,0.7561114269471291
CZ0714,Přerov,0.8317349284425439
CZ0714,Přerov,0.7674320883901427
CZ0714,Přerov,0.7887386608003559
CZ0714,Přerov,0.7529475739674222
CZ0714,Přerov,0.9052079986158144
CZ0714,Přerov,0.8707640210593964
CZ0714,Přerov,0.7759349432731047
CZ0714,Přerov,0.8465036952814099
CZ0714,Přerov,0.6717131769533085
CZ0714,Přerov,0.7791235138542156
CZ0714,Přerov,0.7073312405764145
CZ0714,Přerov,0.724262797538127
CZ0714,Přerov,0.6711570309217194
CZ0715,Šumperk,0.9015745112094322
CZ0715,Šumperk,0.8842721902266604
CZ0715,Šumperk,0.7962775292285637
CZ0715,Šumperk,0.8553896729861334
CZ0715,Šumperk,0.7041055935931977
CZ0715,Šumperk,0.8043354672862545
CZ0715,Šumperk,0.7437031910423413
CZ0715,Šumperk,0.7556047161183479
CZ0715,Šumperk,0.6969374891860494
CZ0715,Šumperk,0.8990780334676323
CZ0715,Šumperk,0.8634599698445263
CZ0715,Šumperk,0.7657512914946734
CZ0715,Šumperk,0.8370862891465012
CZ0715,Šumperk,0.6755073287688163
CZ0715,Šumperk,0.7723261734681266
CZ0715,Šumperk,0.7170081815260647
CZ0715,Šumperk,0.7244728971500606
CZ0715,Šumperk,0.6714907185406728
CZ0721,Kroměříž,0.9228934424203475
CZ0721,Kroměříž,0.9027609560768223
CZ0721,Kroměříž,0.829893467137949
CZ0721,Kroměříž,0.885742887510196
CZ0721,Kroměříž,0.7574956126257508
CZ0721,Kroměříž,0.8368514719331636
CZ0721,Kroměříž,0.7599550139654448
CZ0721,Kroměříž,0.7833749412956966
CZ0721,Kroměříž,0.726054823639914
CZ0721,Kroměříž,0.8647082087154263
CZ0721,Kroměříž,0.8631386410262748
CZ0721,Kroměříž,0.7380181427194306
CZ0721,Kroměříž,0.8197839681637293
CZ0721,Kroměříž,0.6503818869416912
CZ0721,Kroměříž,0.7576439182341745
CZ0721,Kroměříž,0.6759275279926836
CZ0721,Kroměříž,0.6919074573003435
CZ0721,Kroměříž,0.6298292013742987
CZ0722,Uherské Hradiště,0.9079640111723558
CZ0722,Uherské Hradiště,0.8547717329510345
CZ0722,Uherské Hradiště,0.8275329362038708
CZ0722,Uherské Hradiště,0.856909805472477
CZ0722,Uherské Hradiště,0.7382529599327681
CZ0722,Uherské Hradiště,0.8179301480584324
CZ0722,Uherské Hradiště,0.7814098919840818
CZ0722,Uherské Hradiště,0.7921126133919965
CZ0722,Uherské Hradiště,0.7327780112217911
CZ0722,Uherské Hradiště,0.839669278493215
CZ0722,Uherské Hradiště,0.7790740786514077
CZ0722,Uherské Hradiště,0.7034382183552909
CZ0722,Uherské Hradiště,0.7708431173838891
CZ0722,Uherské Hradiště,0.581679313839385
CZ0722,Uherské Hradiště,0.7019180858689473
CZ0722,Uherské Hradiště,0.6195466791902514
CZ0722,Uherské Hradiště,0.6460439478952963
CZ0722,Uherské Hradiště,0.5552191215364461
CZ0723,Vsetín,0.8889808932941148
CZ0723,Vsetín,0.8387918036433745
CZ0723,Vsetín,0.7949057023506438
CZ0723,Vsetín,0.8382603752131893
CZ0723,Vsetín,0.691017623649801
CZ0723,Vsetín,0.7811009219665324
CZ0723,Vsetín,0.7127814716859876
CZ0723,Vsetín,0.7388461823664632
CZ0723,Vsetín,0.6850112465086388
CZ0723,Vsetín,0.8651531255406976
CZ0723,Vsetín,0.8170526732085919
CZ0723,Vsetín,0.7408730256815879
CZ0723,Vsetín,0.8011839731072496
CZ0723,Vsetín,0.595224559408755
CZ0723,Vsetín,0.719887782089626
CZ0723,Vsetín,0.6430778357268211
CZ0723,Vsetín,0.6645327137454582
CZ0723,Vsetín,0.6203376424351781
CZ0724,Zlín,0.8395827668883011
CZ0724,Zlín,0.8023704179746397
CZ0724,Zlín,0.7397360160170057
CZ0724,Zlín,0.7940529451022073
CZ0724,Zlín,0.6406431519885311
CZ0724,Zlín,0.7398719628247274
CZ0724,Zlín,0.6614553723706651
CZ0724,Zlín,0.6878661294707962
CZ0724,Zlín,0.5772301455866723
CZ0724,Zlín,0.7802481647180958
CZ0724,Zlín,0.750636478236152
CZ0724,Zlín,0.6225251501594286
CZ0724,Zlín,0.7128556244901995
CZ0724,Zlín,0.5358158044343377
CZ0724,Zlín,0.6391353783028895
CZ0724,Zlín,0.5648466272832884
CZ0724,Zlín,0.5812838322169217
CZ0724,Zlín,0.49866524952418617
CZ0801,Bruntál,0.9110413525471488
CZ0801,Bruntál,0.8848283362582495
CZ0801,Bruntál,0.8509652223348246
CZ0801,Bruntál,0.8782534542847962
CZ0801,Bruntál,0.7734879007341128
CZ0801,Bruntál,0.8402377833255061
CZ0801,Bruntál,0.7605976716019478
CZ0801,Bruntál,0.8042860320834466
CZ0801,Bruntál,0.7761944780878464
CZ0801,Bruntál,0.964987517611291
CZ0801,Bruntál,0.9472155622018439
CZ0801,Bruntál,0.8785129890995378
CZ0801,Bruntál,0.9298267296141582
CZ0801,Bruntál,0.7856613194255629
CZ0801,Bruntál,0.8671428924537163
CZ0801,Bruntál,0.8263217737350768
CZ0801,Bruntál,0.8282003114417776
CZ0801,Bruntál,0.8119608473193761
CZ0802,Frýdek-Místek,0.8232320735595817
CZ0802,Frýdek-Místek,0.8174481548310552
CZ0802,Frýdek-Místek,0.740798872877376
CZ0802,Frýdek-Místek,0.7898509528635341
CZ0802,Frýdek-Místek,0.6384803618656846
CZ0802,Frýdek-Místek,0.7406134908668462
CZ0802,Frýdek-Místek,0.6632844748745582
CZ0802,Frýdek-Místek,0.6892873915515239
CZ0802,Frýdek-Místek,0.6232543194008453
CZ0802,Frýdek-Místek,0.8890550460983266
CZ0802,Frýdek-Místek,0.8367526015275477
CZ0802,Frýdek-Místek,0.7196158884741825
CZ0802,Frýdek-Místek,0.8103047680253108
CZ0802,Frýdek-Místek,0.6297550485700868
CZ0802,Frýdek-Místek,0.7374249202857355
CZ0802,Frýdek-Místek,0.6751242059470549
CZ0802,Frýdek-Místek,0.6790913809723904
CZ0802,Frýdek-Místek,0.621029735274489
CZ0803,Karviná,0.8422275502385248
CZ0803,Karviná,0.826161109325951
CZ0803,Karviná,0.7634772721655091
CZ0803,Karviná,0.8106878908470722
CZ0803,Karviná,0.673183874236844
CZ0803,Karviná,0.7656029858862496
CZ0803,Karviná,0.7226314358454655
CZ0803,Karviná,0.7252515015942853
CZ0803,Karviná,0.6871246014286774
CZ0803,Karviná,0.9562251279135873
CZ0803,Karviná,0.9312727092962899
CZ0803,Karviná,0.8584670143609264
CZ0803,Karviná,0.9012655411918827
CZ0803,Karviná,0.7814222507847839
CZ0803,Karviná,0.8477148577502039
CZ0803,Karviná,0.8268902785673679
CZ0803,Karviná,0.8233803791680055
CZ0803,Karviná,0.7674938823936526
CZ0804,Nový Jičín,0.8634970462466323
CZ0804,Nový Jičín,0.8526460192302939
CZ0804,Nový Jičín,0.7821514200262006
CZ0804,Nový Jičín,0.8339595125689003
CZ0804,Nový Jičín,0.7263267172553576
CZ0804,Nový Jičín,0.7919519489828707
CZ0804,Nový Jičín,0.7007069234001533
CZ0804,Nový Jičín,0.7399708332303433
CZ0804,Nový Jičín,0.703920211582668
CZ0804,Nový Jičín,0.9281706503200929
CZ0804,Nový Jičín,0.8782781718862002
CZ0804,Nový Jičín,0.7896902884544084
CZ0804,Nový Jičín,0.8621128605680105
CZ0804,Nový Jičín,0.6792026101787083
CZ0804,Nový Jičín,0.7867241762859332
CZ0804,Nový Jičín,0.7177373507674816
CZ0804,Nový Jičín,0.7339273796870752
CZ0804,Nový Jičín,0.6907580888350594
CZ0805,Opava,0.8538695404997899
CZ0805,Opava,0.812022641322886
CZ0805,Opava,0.7653310922708061
CZ0805,Opava,0.8106508144449662
CZ0805,Opava,0.6893862619571397
CZ0805,Opava,0.7643918234174556
CZ0805,Opava,0.7104456583533134
CZ0805,Opava,0.7284277133746941
CZ0805,Opava,0.6822552339520973
CZ0805,Opava,0.8447734631831327
CZ0805,Opava,0.8268655609659639
CZ0805,Opava,0.7159824010678004
CZ0805,Opava,0.7917912845737449
CZ0805,Opava,0.6112910003213288
CZ0805,Opava,0.7251155547865635
CZ0805,Opava,0.6584027485972761
CZ0805,Opava,0.6683145067602639
CZ0805,Opava,0.5981906715772302
CZ0806,Ostrava-město,0.7539980720270905
CZ0806,Ostrava-město,0.7437279086437452
CZ0806,Ostrava-město,0.6649034777665176
CZ0806,Ostrava-město,0.7220258546110685
CZ0806,Ostrava-město,0.573052870949403
CZ0806,Ostrava-město,0.6747040067231875
CZ0806,Ostrava-město,0.5347653063746693
CZ0806,Ostrava-město,0.5999332624762093
CZ0806,Ostrava-město,0.4921398027535408
CZ0806,Ostrava-město,0.8781793014805843
CZ0806,Ostrava-město,0.8179177892577304
CZ0806,Ostrava-město,0.6930197493635217
CZ0806,Ostrava-město,0.7857231134290729
CZ0806,Ostrava-město,0.5969671503077342
CZ0806,Ostrava-město,0.706391971723064
CZ0806,Ostrava-město,0.6607385619299503
CZ0806,Ostrava-město,0.6524210890575178
CZ0806,Ostrava-město,0.5796648293249623
CZ0201,Benešov,0.748152359295054
CZ0201,Benešov,0.7048718392367205
CZ0201,Benešov,0.6582173665867465
CZ0201,Benešov,0.8699483402130658
CZ0201,Benešov,0.7771090293397929
CZ0201,Benešov,0.7354722297748226
CZ0202,Beroun,0.7765528833082038
CZ0202,Beroun,0.740774155275972
CZ0202,Beroun,0.6794992213955557
CZ0202,Beroun,0.7813728155819759
CZ0202,Beroun,0.7339273796870752
CZ0202,Beroun,0.7078008750030897
CZ0203,Kladno,0.7581506290629557
CZ0203,Kladno,0.7233606050868824
CZ0203,Kladno,0.6875571594532467
CZ0203,Kladno,0.8231702795560719
CZ0203,Kladno,0.7280816669550387
CZ0203,Kladno,0.6801542378327607
CZ0204,Kolín,0.7721655090590009
CZ0204,Kolín,0.7117680500284252
CZ0204,Kolín,0.6641001557208889
CZ0204,Kolín,0.8724201003534617
CZ0204,Kolín,0.7904565340979312
CZ0204,Kolín,0.7161677830783301
CZ0205,Kutná Hora,0.8208468250240997
CZ0205,Kutná Hora,0.7791111550535136
CZ0205,Kutná Hora,0.6700570976592432
CZ0205,Kutná Hora,0.920137429863806
CZ0205,Kutná Hora,0.8757693353436983
CZ0205,Kutná Hora,0.796079788417332
CZ0206,Mělník,0.7440368786612948
CZ0206,Mělník,0.6947994166646069
CZ0206,Mělník,0.6612576315594335
CZ0206,Mělník,0.8545739921398028
CZ0206,Mělník,0.7954247719801271
CZ0206,Mělník,0.7575574066292607
CZ0207,Mladá Boleslav,0.7638356773858664
CZ0207,Mladá Boleslav,0.7155004078404231
CZ0207,Mladá Boleslav,0.6628766344513929
CZ0207,Mladá Boleslav,0.813258521393084
CZ0207,Mladá Boleslav,0.7314185431445732
CZ0207,Mladá Boleslav,0.6963689843537583
CZ0208,Nymburk,0.8125293521516672
CZ0208,Nymburk,0.7503151494179005
CZ0208,Nymburk,0.6902019428034704
CZ0208,Nymburk,0.8604814988753491
CZ0208,Nymburk,0.7919766665842747
CZ0208,Nymburk,0.7298366166547198
CZ0209,Praha-východ,0.3853103294856267
CZ0209,Praha-východ,0.2273277801122179
CZ0209,Praha-východ,0.10371505549101515
CZ0209,Praha-východ,0.8039770620658971
CZ0209,Praha-východ,0.6680920483476284
CZ0209,Praha-východ,0.6176805002842524
CZ020A,Praha-západ,0.3928739155152384
CZ020A,Praha-západ,0.2758731492695949
CZ020A,Praha-západ,0.16262945843735324
CZ020A,Praha-západ,0.7818177324072472
CZ020A,Praha-západ,0.756729366982228
CZ020A,Praha-západ,0.7455199347455322
CZ020B,Příbram,0.7564451145660825
CZ020B,Příbram,0.7054279852683095
CZ020B,Příbram,0.667029191487258
CZ020B,Příbram,0.9073955063400647
CZ020B,Příbram,0.8309068887955113
CZ020B,Příbram,0.8095261635810861
CZ020C,Rakovník,0.8088093531403713
CZ020C,Rakovník,0.758620263489631
CZ020C,Rakovník,0.7102355587413798
CZ020C,Rakovník,0.899881355513261
CZ020C,Rakovník,0.8623353189806461
CZ020C,Rakovník,0.8081543367031663
CZ0311,České Budějovice,0.7602639839829943
CZ0311,České Budějovice,0.6999901129594385
CZ0311,České Budějovice,0.634476110438243
CZ0311,České Budějovice,0.863694787057864
CZ0311,České Budějovice,0.8306844303828756
CZ0311,České Budějovice,0.801641248733223
CZ0312,Český Krumlov,0.7642558766097338
CZ0312,Český Krumlov,0.7335442568653138
CZ0312,Český Krumlov,0.6614924487727711
CZ0312,Český Krumlov,0.9075067355463826
CZ0312,Český Krumlov,0.8532639592653929
CZ0312,Český Krumlov,0.8073139382554317
CZ0313,Jindřichův Hradec,0.8263959265392886
CZ0313,Jindřichův Hradec,0.7639469065921843
CZ0313,Jindřichův Hradec,0.7292433942210248
CZ0313,Jindřichův Hradec,0.9530118397310725
CZ0313,Jindřichův Hradec,0.9040833477519341
CZ0313,Jindřichův Hradec,0.8363571199050844
CZ0314,Písek,0.8533875472724127
CZ0314,Písek,0.7932866994586846
CZ0314,Písek,0.7594112267345576
CZ0314,Písek,0.9464122401562153
CZ0314,Písek,0.8763996341794992
CZ0314,Písek,0.8477148577502039
CZ0315,Prachatice,0.8189312109152928
CZ0315,Prachatice,0.752453221939343
CZ0315,Prachatice,0.7307264503052624
CZ0315,Prachatice,0.9203722470771436
CZ0315,Prachatice,0.8703191042341252
CZ0315,Prachatice,0.8099463628049534
CZ0316,Strakonice,0.8177324072472008
CZ0316,Strakonice,0.7775663049657662
CZ0316,Strakonice,0.746298539189757
CZ0316,Strakonice,0.9331759646043948
CZ0316,Strakonice,0.8658081419779025
CZ0316,Strakonice,0.8173616432261414
CZ0317,Tábor,0.8529179128457375
CZ0317,Tábor,0.7990088241837012
CZ0317,Tábor,0.7446671774970957
CZ0317,Tábor,0.906641619497244
CZ0317,Tábor,0.8419062214202734
CZ0317,Tábor,0.824332006822058
CZ0321,Domažlice,0.8489136614182959
CZ0321,Domažlice,0.8143337370541562
CZ0321,Domažlice,0.7570877722025855
CZ0321,Domažlice,0.9198037422448525
CZ0321,Domažlice,0.8730998343920706
CZ0321,Domažlice,0.8468621005017674
CZ0322,Klatovy,0.8249005116543491
CZ0322,Klatovy,0.7706453765726574
CZ0322,Klatovy,0.7011518402254245
CZ0322,Klatovy,0.9021800924438292
CZ0322,Klatovy,0.8247892824480313
CZ0322,Klatovy,0.7558889685344934
CZ0323,Plzeň-město,0.6972341004028969
CZ0323,Plzeň-město,0.6637417505005314
CZ0323,Plzeň-město,0.6142076772869961
CZ0323,Plzeň-město,0.807128556244902
CZ0323,Plzeň-město,0.7367328274464247
CZ0323,Plzeň-město,0.7156981486516548
CZ0324,Plzeň-jih,0.8592209012037472
CZ0324,Plzeň-jih,0.8068319450280544
CZ0324,Plzeň-jih,0.7529599327681242
CZ0324,Plzeň-jih,0.896804014138468
CZ0324,Plzeň-jih,0.8351953926390983
CZ0324,Plzeň-jih,0.7971302864770002
CZ0325,Plzeň-sever,0.8149393182885533
CZ0325,Plzeň-sever,0.7644288998195615
CZ0325,Plzeň-sever,0.7087401438564401
CZ0325,Plzeň-sever,0.9047383641891391
CZ0325,Plzeň-sever,0.8090936055565168
CZ0325,Plzeň-sever,0.790555404503547
CZ0326,Rokycany,0.831722569641842
CZ0326,Rokycany,0.7921620485948043
CZ0326,Rokycany,0.7289467830041773
CZ0326,Rokycany,0.8330943965197617
CZ0326,Rokycany,0.7647255110364091
CZ0326,Rokycany,0.7159576834663964
CZ0327,Tachov,0.8353684158489261
CZ0327,Tachov,0.7902958696888054
CZ0327,Tachov,0.7433447858219838
CZ0327,Tachov,0.9298020120127543
CZ0327,Tachov,0.8830981041599724
CZ0327,Tachov,0.8385940628321428
CZ0411,Cheb,0.8515955211706256
CZ0411,Cheb,0.8186345996984452
CZ0411,Cheb,0.7925822478186717
CZ0411,Cheb,0.9853301035667499
CZ0411,Cheb,0.9456212769112885
CZ0411,Cheb,0.899288133079566
CZ0412,Karlovy Vary,0.7977111501099933
CZ0412,Karlovy Vary,0.7329510344316188
CZ0412,Karlovy Vary,0.7061200781076205
CZ0412,Karlovy Vary,0.9127097906419162
CZ0412,Karlovy Vary,0.8629656178164471
CZ0412,Karlovy Vary,0.8175099488345651
CZ0413,Sokolov,0.8684776429295301
CZ0413,Sokolov,0.809007093951603
CZ0413,Sokolov,0.7726351434856762
CZ0413,Sokolov,0.9592901104876783
CZ0413,Sokolov,0.9491806115134588
CZ0413,Sokolov,0.9317794201250711
CZ0421,Děčín,0.8360605086882369
CZ0421,Děčín,0.7811379983686383
CZ0421,Děčín,0.7519959463133697
CZ0421,Děčín,0.9208913167066268
CZ0421,Děčín,0.8920705934696097
CZ0421,Děčín,0.8714190374966013
CZ0422,Chomutov,0.8405838297451615
CZ0422,Chomutov,0.7997132758237141
CZ0422,Chomutov,0.7319005363719505
CZ0422,Chomutov,0.9114121165682082
CZ0422,Chomutov,0.8164594507748968
CZ0422,Chomutov,0.7947821143436241
CZ0423,Litoměřice,0.8631633586276788
CZ0423,Litoměřice,0.7995773290159923
CZ0423,Litoměřice,0.7518970759077539
CZ0423,Litoměřice,0.9159848728279407
CZ0423,Litoměřice,0.8506315347158712
CZ0423,Litoměřice,0.8036557332476456
CZ0424,Louny,0.8891909929060484
CZ0424,Louny,0.8449835627950664
CZ0424,Louny,0.8181031712682602
CZ0424,Louny,0.9622685814568555
CZ0424,Louny,0.8896482685320216
CZ0424,Louny,0.8554020317868354
CZ0425,Most,0.8967298613342561
CZ0425,Most,0.8186345996984452
CZ0425,Most,0.7596707615492992
CZ0425,Most,0.9187161677830783
CZ0425,Most,0.8709123266678201
CZ0426,Teplice,0.8518797735867711
CZ0426,Teplice,0.8154707467187384
CZ0426,Teplice,0.7515015942852905
CZ0426,Teplice,1.0
CZ0426,Teplice,0.962565192673703
CZ0426,Teplice,0.9165780952616358
CZ0427,Ústí nad Labem,0.8183503472822997
CZ0427,Ústí nad Labem,0.7633536841584893
CZ0427,Ústí nad Labem,0.7129421360951134
CZ0427,Ústí nad Labem,0.9605877845613862
CZ0427,Ústí nad Labem,0.8685270781323381
CZ0427,Ústí nad Labem,0.8030872284153546
CZ0511,Česká Lípa,0.8373705415626468
CZ0511,Česká Lípa,0.7967842400573448
CZ0511,Česká Lípa,0.7684702276491089
CZ0511,Česká Lípa,0.971142200360877
CZ0511,Česká Lípa,0.9328917121882493
CZ0511,Česká Lípa,0.8527943248387176
CZ0512,Jablonec nad Nisou,0.812035000123588
CZ0512,Jablonec nad Nisou,0.7354475121734186
CZ0512,Jablonec nad Nisou,0.7035618063623106
CZ0512,Jablonec nad Nisou,0.8869293323775861
CZ0512,Jablonec nad Nisou,0.8168302147959562
CZ0512,Jablonec nad Nisou,0.7448772771090293
CZ0513,Liberec,0.8596163828262106
CZ0513,Liberec,0.7932990582593865
CZ0513,Liberec,0.7575203302271547
CZ0513,Liberec,0.8756333885359765
CZ0513,Liberec,0.8528066836394196
CZ0513,Liberec,0.7854017846108213
CZ0514,Semily,0.8296339323232074
CZ0514,Semily,0.7797167362879106
CZ0514,Semily,0.7313073139382554
CZ0514,Semily,0.9179993573423635
CZ0514,Semily,0.8700966458214895
CZ0514,Semily,0.8133573917986998
CZ0521,Hradec Králové,0.820698519415676
CZ0521,Hradec Králové,0.761635810860914
CZ0521,Hradec Králové,0.693489383790197
CZ0521,Hradec Králové,0.8400029661121685
CZ0521,Hradec Králové,0.7531453147786539
CZ0521,Hradec Králové,0.7791235138542156
CZ0522,Jičín,0.8465160540821118
CZ0522,Jičín,0.8127518105643028
CZ0522,Jičín,0.7477568776725907
CZ0522,Jičín,0.8768321922040685
CZ0522,Jičín,0.8266801789554342
CZ0522,Jičín,0.7816076327953135
CZ0523,Náchod,0.8299181847393529
CZ0523,Náchod,0.7900116172726599
CZ0523,Náchod,0.7148083150011123
CZ0523,Náchod,0.9194824134266011
CZ0523,Náchod,0.8844822898385941
CZ0523,Náchod,0.8417702746125516
CZ0524,Rychnov nad Kněžnou,0.8000716810440714
CZ0524,Rychnov nad Kněžnou,0.7759843784759127
CZ0524,Rychnov nad Kněžnou,0.7157599426551647
CZ0524,Rychnov nad Kněžnou,0.909657166868527
CZ0524,Rychnov nad Kněžnou,0.8249993820599649
CZ0524,Rychnov nad Kněžnou,0.770299330153002
CZ0525,Trutnov,0.818807622908273
CZ0525,Trutnov,0.7458783399658897
CZ0525,Trutnov,0.7090985490767976
CZ0525,Trutnov,0.9014138468003065
CZ0525,Trutnov,0.8380997108040635
CZ0525,Trutnov,0.7752675680351979
CZ0531,Chrudim,0.8441308055466298
CZ0531,Chrudim,0.7908149393182885
CZ0531,Chrudim,0.7537508960130509
CZ0531,Chrudim,0.9417406134908668
CZ0531,Chrudim,0.8687989717477816
CZ0531,Chrudim,0.8197592505623255
CZ0532,Pardubice,0.7245223323528684
CZ0532,Pardubice,0.6729614158242084
CZ0532,Pardubice,0.6404824875794053
CZ0532,Pardubice,0.8469486121066812
CZ0532,Pardubice,0.7918283609758509
CZ0532,Pardubice,0.7281434609585485
CZ0533,Svitavy,0.8451071508020862
CZ0533,Svitavy,0.8035815804434338
CZ0533,Svitavy,0.772128432656895
CZ0533,Svitavy,0.9340163630521294
CZ0533,Svitavy,0.8720987715352102
CZ0533,Svitavy,0.828657587067751
CZ0534,Ústí nad Orlicí,0.8502236942927058
CZ0534,Ústí nad Orlicí,0.8131225745853622
CZ0534,Ústí nad Orlicí,0.7426156165805671
CZ0534,Ústí nad Orlicí,0.8989420866599105
CZ0534,Ústí nad Orlicí,0.856848011468967
CZ0534,Ústí nad Orlicí,0.833539313345033
CZ0631,Havlíčkův Brod,0.8212052302444571
CZ0631,Havlíčkův Brod,0.7763057072941641
CZ0631,Havlíčkův Brod,0.726660404874311
CZ0631,Havlíčkův Brod,0.9735274488963591
CZ0631,Havlíčkův Brod,0.9194824134266011
CZ0631,Havlíčkův Brod,0.8512494747509701
CZ0632,Jihlava,0.8647700027189361
CZ0632,Jihlava,0.8040017796673011
CZ0632,Jihlava,0.7301208690708654
CZ0632,Jihlava,0.8883629532590157
CZ0632,Jihlava,0.8097609807944237
CZ0632,Jihlava,0.7067503769434215
CZ0633,Pelhřimov,0.8251106112662827
CZ0633,Pelhřimov,0.785599525422053
CZ0633,Pelhřimov,0.762241392095311
CZ0633,Pelhřimov,0.9386756309167759
CZ0633,Pelhřimov,0.9045900585807153
CZ0633,Pelhřimov,0.878352324690412
CZ0634,Třebíč,0.8449959215957683
CZ0634,Třebíč,0.7851669673974837
CZ0634,Třebíč,0.748807375732259
CZ0634,Třebíč,0.9104852065155598
CZ0634,Třebíč,0.8527448896359098
CZ0634,Třebíč,0.7878611859505154
CZ0635,Žďár nad Sázavou,0.8254195812838322
CZ0635,Žďár nad Sázavou,0.7594359443359616
CZ0635,Žďár nad Sázavou,0.708826655461354
CZ0635,Žďár nad Sázavou,0.8745458140742023
CZ0635,Žďár nad Sázavou,0.8099340040042514
CZ0635,Žďár nad Sázavou,0.7790617198507057
CZ0641,Blansko,0.8186840349012532
CZ0641,Blansko,0.7765528833082038
CZ0641,Blansko,0.7203697753170032
CZ0641,Blansko,0.9014385644017104
CZ0641,Blansko,0.8650542551350817
CZ0641,Blansko,0.8357021034678794
CZ0643,Brno-venkov,0.7680871048273475
CZ0643,Brno-venkov,0.7148330326025163
CZ0643,Brno-venkov,0.6469090639444348
CZ0643,Brno-venkov,0.7826828484563858
CZ0643,Brno-venkov,0.7390809995798008
CZ0643,Brno-venkov,0.6960600143362088
CZ0644,Břeclav,0.810230615221099
CZ0644,Břeclav,0.7621548804903973
CZ0644,Břeclav,0.7145858565884766
CZ0644,Břeclav,0.8359245618805151
CZ0644,Břeclav,0.7703611241565118
CZ0644,Břeclav,0.7494253157673579
CZ0645,Hodonín,0.8588377783819858
CZ0645,Hodonín,0.8176088192401809
CZ0645,Hodonín,0.7634401957634032
CZ0645,Hodonín,0.8841980374224485
CZ0645,Hodonín,0.8129248337741306
CZ0645,Hodonín,0.7834738117013125
CZ0646,Vyškov,0.7978100205156091
CZ0646,Vyškov,0.7468176088192402
CZ0646,Vyškov,0.7047482512297006
CZ0646,Vyškov,0.7849568677855501
CZ0646,Vyškov,0.7584719578812072
CZ0646,Vyškov,0.7150184146130459
CZ0647,Znojmo,0.825543169290852
CZ0647,Znojmo,0.7767135477173295
CZ0647,Znojmo,0.7198259880861161
CZ0647,Znojmo,0.8997330499048373
CZ0647,Znojmo,0.8368885483352696
CZ0647,Znojmo,0.7920755369898905
CZ0711,Jeseník,0.8794028227500803
CZ0711,Jeseník,0.8407074177521813
CZ0711,Jeseník,0.8339595125689003
CZ0711,Jeseník,0.9743431297426898
CZ0711,Jeseník,0.9256370961761871
CZ0711,Jeseník,0.9067281311021579
CZ0712,Olomouc,0.8282497466445856
CZ0712,Olomouc,0.7848085621771264
CZ0712,Olomouc,0.7489556813406827
CZ0712,Olomouc,0.9143164347331735
CZ0712,Olomouc,0.8666732580270411
CZ0712,Olomouc,0.8425612378574783
CZ0713,Prostějov,0.8690214301604172
CZ0713,Prostějov,0.8174357960303532
CZ0713,Prostějov,0.7755888968534493
CZ0713,Prostějov,0.9315322441110314
CZ0713,Prostějov,0.8686135897372519
CZ0713,Prostějov,0.7980448377289467
CZ0714,Přerov,0.8868922559754802
CZ0714,Přerov,0.8301653607533925
CZ0714,Přerov,0.7924463010109499
CZ0714,Přerov,0.952702869713523
CZ0714,Přerov,0.9007217539609956
CZ0714,Přerov,0.8392861556714536
CZ0715,Šumperk,0.8865709271572286
CZ0715,Šumperk,0.8281508762389698
CZ0715,Šumperk,0.772746372691994
CZ0715,Šumperk,0.9462392169463876
CZ0715,Šumperk,0.8950861408408928
CZ0715,Šumperk,0.8463924660750921
CZ0721,Kroměříž,0.8982376350198976
CZ0721,Kroměříž,0.8562053538324641
CZ0721,Kroměříž,0.8043478260869565
CZ0721,Kroměříž,0.9278740391032454
CZ0721,Kroměříž,0.8540796401117235
CZ0721,Kroměříž,0.7932125466544726
CZ0722,Uherské Hradiště,0.8830857453592703
CZ0722,Uherské Hradiště,0.8460217020540327
CZ0722,Uherské Hradiště,0.8082655659094842
CZ0722,Uherské Hradiště,0.8766838865956448
CZ0722,Uherské Hradiště,0.8327607089008082
CZ0722,Uherské Hradiště,0.8271127369800034
CZ0723,Vsetín,0.8641520626838372
CZ0723,Vsetín,0.8031366636181625
CZ0723,Vsetín,0.7666658427466199
CZ0723,Vsetín,0.9376992856613194
CZ0723,Vsetín,0.8815656128729268
CZ0723,Vsetín,0.8208591838248016
CZ0724,Zlín,0.8764737869837111
CZ0724,Zlín,0.8216625058704303
CZ0724,Zlín,0.773339595125689
CZ0724,Zlín,0.9016239464122402
CZ0724,Zlín,0.827409348196851
CZ0724,Zlín,0.8206614430135699
CZ0801,Bruntál,0.8773759794349556
CZ0801,Bruntál,0.8345527350025953
CZ0801,Bruntál,0.8041995204785327
CZ0801,Bruntál,0.9914847863163359
CZ0801,Bruntál,0.9291222779741454
CZ0801,Bruntál,0.8965321205230244
CZ0802,Frýdek-Místek,0.8366166547198259
CZ0802,Frýdek-Místek,0.7912969325456658
CZ0802,Frýdek-Místek,0.7472254492424055
CZ0802,Frýdek-Místek,0.9155275972019675
CZ0802,Frýdek-Místek,0.7952641075710013
CZ0802,Frýdek-Místek,0.7569023901920557
CZ0803,Karviná,0.8491979138344415
CZ0803,Karviná,0.7920384605877846
CZ0803,Karviná,0.7636255777739328
CZ0804,Nový Jičín,0.8466890772919395
CZ0804,Nový Jičín,0.8063623106013792
CZ0804,Nový Jičín,0.7568653137899498
CZ0804,Nový Jičín,0.9649380824084831
CZ0804,Nový Jičín,0.8431421014904714
CZ0804,Nový Jičín,0.7652075042637863
CZ0805,Opava,0.8447363867810268
CZ0805,Opava,0.7962898880292656
CZ0805,Opava,0.7780606569938453
CZ0805,Opava,0.9043923177694837
CZ0805,Opava,0.8213041006500729
CZ0805,Opava,0.8082655659094842
CZ0806,Ostrava-město,0.7771090293397929
CZ0806,Ostrava-město,0.7479422596831203
CZ0806,Ostrava-město,0.7315421311515931
CZ0201,Benešov,0.7275996737276614
CZ0201,Benešov,0.6652742417875769
CZ0201,Benešov,0.6034555206762736
CZ0201,Benešov,0.7514892354845886
CZ0201,Benešov,0.6520379662357565
CZ0201,Benešov,0.5938527325308353
CZ0202,Beroun,0.6564500580863633
CZ0202,Beroun,0.6074226957016091
CZ0202,Beroun,0.5571965296487629
CZ0202,Beroun,0.7470029908297698
CZ0202,Beroun,0.6636181624935116
CZ0202,Beroun,0.5762043651284079
CZ0203,Kladno,0.6906962948315496
CZ0203,Kladno,0.6065822972538745
CZ0203,Kladno,0.5504115480633759
CZ0203,Kladno,0.7634031193612972
CZ0203,Kladno,0.6789059989618608
CZ0203,Kladno,0.5809872210000742
CZ0204,Kolín,0.7654793978792298
CZ0204,Kolín,0.6930444669649257
CZ0204,Kolín,0.6481202264132289
CZ0204,Kolín,0.7942877623155449
CZ0204,Kolín,0.6740366314852807
CZ0204,Kolín,0.5990434288256667
CZ0205,Kutná Hora,0.8190053637195046
CZ0205,Kutná Hora,0.8500259534814741
CZ0205,Kutná Hora,0.756766443384334
CZ0205,Kutná Hora,0.8348617050201449
CZ0205,Kutná Hora,0.7479669772845243
CZ0205,Kutná Hora,0.6716884593519045
CZ0206,Mělník,0.6724299873940233
CZ0206,Mělník,0.629619101762365
CZ0206,Mělník,0.5422547396000692
CZ0206,Mělník,0.7732160071186692
CZ0206,Mělník,0.6339941172108658
CZ0206,Mělník,0.5507946708851373
CZ0207,Mladá Boleslav,0.7129297772944113
CZ0207,Mladá Boleslav,0.6521986306448823
CZ0207,Mladá Boleslav,0.5773908099957981
CZ0207,Mladá Boleslav,0.8026052351879773
CZ0207,Mladá Boleslav,0.7070717057616729
CZ0207,Mladá Boleslav,0.5959166522480659
CZ0208,Nymburk,0.7611167412314309
CZ0208,Nymburk,0.6893491855550338
CZ0208,Nymburk,0.6067800380651062
CZ0208,Nymburk,0.7533059791877796
CZ0208,Nymburk,0.6765825444298885
CZ0208,Nymburk,0.6220802333341573
CZ0209,Praha-východ,0.33210569246360333
CZ0209,Praha-východ,0.19080752403786735
CZ0209,Praha-východ,0.09494030699260944
CZ0209,Praha-východ,0.6962453963467385
CZ0209,Praha-východ,0.6178288058926762
CZ0209,Praha-východ,0.555960649578565
CZ020A,Praha-západ,0.3835924561880515
CZ020A,Praha-západ,0.24619966878414118
CZ020A,Praha-západ,0.12194428652643548
CZ020A,Praha-západ,0.6768420792446301
CZ020A,Praha-západ,0.5982277479793361
CZ020A,Praha-západ,0.5580122104950935
CZ020B,Příbram,0.7705341473663395
CZ020B,Příbram,0.7421089057517859
CZ020B,Příbram,0.704550510418469
CZ020B,Příbram,0.8020243715549843
CZ020B,Příbram,0.7238178807128556
CZ020B,Příbram,0.6426699953036558
CZ020C,Rakovník,0.6273945176360086
CZ020C,Rakovník,0.44720320340114195
CZ020C,Rakovník,0.44720320340114195
CZ020C,Rakovník,0.6973824060113206
CZ020C,Rakovník,0.6442024865907012
CZ020C,Rakovník,0.5447759349432731
CZ0311,České Budějovice,0.7403539560521047
CZ0311,České Budějovice,0.710717551968757
CZ0311,České Budějovice,0.6569691277158465
CZ0311,České Budějovice,0.8153471587117186
CZ0311,České Budějovice,0.7222606718244061
CZ0311,České Budějovice,0.6770521788565638
CZ0312,Český Krumlov,0.8165830387819166
CZ0312,Český Krumlov,0.7685443804533209
CZ0312,Český Krumlov,0.6693526460192303
CZ0312,Český Krumlov,0.8493832958449712
CZ0312,Český Krumlov,0.7748844452134365
CZ0312,Český Krumlov,0.6924512445312306
CZ0313,Jindřichův Hradec,0.8403737301332279
CZ0313,Jindřichův Hradec,0.757359665818029
CZ0313,Jindřichův Hradec,0.7020169562745631
CZ0313,Jindřichův Hradec,0.8617420965469511
CZ0313,Jindřichův Hradec,0.7751192624267741
CZ0313,Jindřichův Hradec,0.7318140247670366
CZ0314,Písek,0.7401314976394691
CZ0314,Písek,0.9008577007687174
CZ0314,Písek,0.7809155399560027
CZ0314,Písek,0.6809946362804954
CZ0315,Prachatice,0.8443161875571594
CZ0315,Prachatice,0.804051214870109
CZ0315,Prachatice,0.7900116172726599
CZ0315,Prachatice,0.9113503225646983
CZ0315,Prachatice,0.8496181130583088
CZ0315,Prachatice,0.7847096917715105
CZ0316,Strakonice,0.7790617198507057
CZ0316,Strakonice,0.7747608572064167
CZ0316,Strakonice,0.7707442469782733
CZ0316,Strakonice,0.8452307388091059
CZ0316,Strakonice,0.7359665818029019
CZ0316,Strakonice,0.6797958326124033
CZ0317,Tábor,0.7996761994216082
CZ0317,Tábor,0.7489680401413846
CZ0317,Tábor,0.6636181624935116
CZ0317,Tábor,0.8548088093531404
CZ0317,Tábor,0.7782213214029711
CZ0317,Tábor,0.730911832315792
CZ0321,Domažlice,0.8207355958177819
CZ0321,Domažlice,0.7955112835850409
CZ0321,Domažlice,0.7244111031465507
CZ0321,Domažlice,0.8663766468101936
CZ0321,Domažlice,0.7841041105371135
CZ0321,Domažlice,0.751192624267741
CZ0322,Klatovy,0.865523889561757
CZ0322,Klatovy,0.8500630298835801
CZ0322,Klatovy,0.8282126702424797
CZ0322,Klatovy,0.9126356378377042
CZ0322,Klatovy,0.8319450280544776
CZ0322,Klatovy,0.7784067034135007
CZ0323,Plzeň-město,0.6919692513038534
CZ0323,Plzeň-město,0.6277282052549621
CZ0323,Plzeň-město,0.6024668166201151
CZ0323,Plzeň-město,0.7896284944508984
CZ0323,Plzeň-město,0.683046197197024
CZ0323,Plzeň-město,0.589687816694268
CZ0324,Plzeň-jih,0.7908396569196925
CZ0324,Plzeň-jih,0.7363497046246632
CZ0324,Plzeň-jih,0.6890649331388882
CZ0324,Plzeň-jih,0.8378030995872161
CZ0324,Plzeň-jih,0.7753170032380058
CZ0324,Plzeň-jih,0.7094322366957511
CZ0325,Plzeň-sever,0.7339026620856712
CZ0325,Plzeň-sever,0.6868279902118298
CZ0325,Plzeň-sever,0.6402105939639617
CZ0325,Plzeň-sever,0.7775539461650641
CZ0325,Plzeň-sever,0.7015967570506958
CZ0325,Plzeň-sever,0.6481696616160367
CZ0326,Rokycany,0.813246162592382
CZ0326,Rokycany,0.7977482265120993
CZ0326,Rokycany,0.7315297723508911
CZ0326,Rokycany,0.8467879476975554
CZ0326,Rokycany,0.7735126183355168
CZ0326,Rokycany,0.7112489803989421
CZ0327,Tachov,0.8171144672121018
CZ0327,Tachov,0.7639592653928863
CZ0327,Tachov,0.7550609288874608
CZ0327,Tachov,0.8608399040957065
CZ0327,Tachov,0.8005536742714487
CZ0327,Tachov,0.7547272412685073
CZ0411,Cheb,0.8545616333391007
CZ0411,Cheb,0.819981708974961
CZ0411,Cheb,0.8080060310947426
CZ0411,Cheb,0.8596781768297205
CZ0411,Cheb,0.8269026373680698
CZ0411,Cheb,0.7912104209407519
CZ0412,Karlovy Vary,0.7944237091232667
CZ0412,Karlovy Vary,0.7449267123118373
CZ0412,Karlovy Vary,0.681872111130336
CZ0412,Karlovy Vary,0.9648144944014633
CZ0412,Karlovy Vary,0.8975084657784809
CZ0412,Karlovy Vary,0.8533010356674988
CZ0413,Sokolov,0.856217712633166
CZ0413,Sokolov,0.8089205823466891
CZ0413,Sokolov,0.7843142101490471
CZ0413,Sokolov,0.9693378154583879
CZ0413,Sokolov,0.9187038089823764
CZ0413,Sokolov,0.8846182366463159
CZ0421,Děčín,0.8909459426057296
CZ0421,Děčín,0.8508416343278048
CZ0421,Děčín,0.8202165261882987
CZ0421,Děčín,0.9630842623031861
CZ0421,Děčín,0.8993622858837779
CZ0421,Děčín,0.8457868848406951
CZ0422,Chomutov,0.8399288133079565
CZ0422,Chomutov,0.6785228761400993
CZ0422,Chomutov,0.7508465778480856
CZ0422,Chomutov,0.9911758162987864
CZ0422,Chomutov,0.9585609412462615
CZ0423,Litoměřice,0.8387300096398645
CZ0423,Litoměřice,0.8006154682749586
CZ0423,Litoměřice,0.7638603949872704
CZ0423,Litoměřice,0.8510270163383346
CZ0423,Litoměřice,0.7660726203129248
CZ0423,Litoměřice,0.7071829349679907
CZ0424,Louny,0.8456632968336752
CZ0424,Louny,0.7943248387176508
CZ0424,Louny,0.7679264404182218
CZ0424,Louny,0.9419877895049065
CZ0424,Louny,0.8866450799614406
CZ0424,Louny,0.8422275502385248
CZ0425,Most,0.7728205254962058
CZ0425,Most,0.7478186716761005
CZ0425,Most,0.7347307017327038
CZ0425,Most,0.963183132708802
CZ0425,Most,0.9138220827050944
CZ0425,Most,0.8671181748523124
CZ0426,Teplice,0.764095212200608
CZ0426,Teplice,0.7425167461749512
CZ0426,Teplice,0.7027708431173839
CZ0426,Teplice,0.944101144424945
CZ0426,Teplice,0.8894752453221939
CZ0426,Teplice,0.8382727340138912
CZ0427,Ústí nad Labem,0.8019131423486665
CZ0427,Ústí nad Labem,0.719331636058037
CZ0427,Ústí nad Labem,0.6957757619200633
CZ0427,Ústí nad Labem,0.8982870702227056
CZ0427,Ústí nad Labem,0.8328472205057221
CZ0427,Ústí nad Labem,0.8026793879921892
CZ0511,Česká Lípa,0.8018389895444547
CZ0511,Česká Lípa,0.6797463974095954
CZ0511,Česká Lípa,0.6807103838643498
CZ0511,Česká Lípa,0.9101391600959043
CZ0511,Česká Lípa,0.837815458387918
CZ0511,Česká Lípa,0.7802852411202017
CZ0512,Jablonec nad Nisou,0.8116271597004227
CZ0512,Jablonec nad Nisou,0.7594730207380676
CZ0512,Jablonec nad Nisou,0.6962083199446326
CZ0512,Jablonec nad Nisou,0.9014509232024125
CZ0512,Jablonec nad Nisou,0.8133450329979979
CZ0512,Jablonec nad Nisou,0.7614751464517883
CZ0513,Liberec,0.7903082284895073
CZ0513,Liberec,0.7425908989791631
CZ0513,Liberec,0.701473169043676
CZ0513,Liberec,0.8633363818375065
CZ0513,Liberec,0.785006302988358
CZ0513,Liberec,0.7471018612353857
CZ0514,Semily,0.811997923721482
CZ0514,Semily,0.7569147489927578
CZ0514,Semily,0.7062436661146403
CZ0514,Semily,0.8516573151741355
CZ0514,Semily,0.7881577971673629
CZ0514,Semily,0.6854314457325061
CZ0521,Hradec Králové,0.740143856440171
CZ0521,Hradec Králové,0.702066391477371
CZ0521,Hradec Králové,0.6893121091529278
CZ0521,Hradec Králové,0.7861680302543441
CZ0521,Hradec Králové,0.7154015374348073
CZ0521,Hradec Králové,0.662184541612082
CZ0522,Jičín,0.834194329782238
CZ0522,Jičín,0.7687544800652545
CZ0522,Jičín,0.6957386855179574
CZ0522,Jičín,0.8020490891563883
CZ0522,Jičín,0.7472254492424055
CZ0522,Jičín,0.6457102602763428
CZ0523,Náchod,0.8609264157006205
CZ0523,Náchod,0.822478186716761
CZ0523,Náchod,0.7685320216526188
CZ0523,Náchod,0.9019576340311937
CZ0523,Náchod,0.8438094767283782
CZ0523,Náchod,0.7711150109993327
CZ0524,Rychnov nad Kněžnou,0.8436240947178486
CZ0524,Rychnov nad Kněžnou,0.7757001260597671
CZ0524,Rychnov nad Kněžnou,0.7130162888993252
CZ0524,Rychnov nad Kněžnou,0.8032849692265862
CZ0524,Rychnov nad Kněžnou,0.7454828583434263
CZ0524,Rychnov nad Kněžnou,0.7108534987764787
CZ0525,Trutnov,0.7841164693378154
CZ0525,Trutnov,0.7491534221519144
CZ0525,Trutnov,0.7344093729144524
CZ0525,Trutnov,0.90780334676323
CZ0525,Trutnov,0.8482215685789851
CZ0525,Trutnov,0.7891588600242232
CZ0531,Chrudim,0.8511135279432483
CZ0531,Chrudim,0.786872481894357
CZ0531,Chrudim,0.7220382134117705
CZ0531,Chrudim,0.8729020935808389
CZ0531,Chrudim,0.7905677633042489
CZ0531,Chrudim,0.7451738883258768
CZ0532,Pardubice,0.7272412685073041
CZ0532,Pardubice,0.6362804953407322
CZ0532,Pardubice,0.5897125342956719
CZ0532,Pardubice,0.7984403193514101
CZ0532,Pardubice,0.72234718342932
CZ0532,Pardubice,0.652977235089107
CZ0533,Svitavy,0.7989223125787873
CZ0533,Svitavy,0.7485849173196233
CZ0533,Svitavy,0.7036112415651186
CZ0533,Svitavy,0.812665298959389
CZ0533,Svitavy,0.7483006649034778
CZ0533,Svitavy,0.682452974763329
CZ0534,Ústí nad Orlicí,0.8157549991348839
CZ0534,Ústí nad Orlicí,0.7675433175964604
CZ0534,Ústí nad Orlicí,0.723014558667227
CZ0534,Ústí nad Orlicí,0.8309068887955113
CZ0534,Ústí nad Orlicí,0.7514398002817807
CZ0534,Ústí nad Orlicí,0.7128061892873916
CZ0631,Havlíčkův Brod,0.8122821761376277
CZ0631,Havlíčkův Brod,0.7897273648565143
CZ0631,Havlíčkův Brod,0.746335615591863
CZ0631,Havlíčkův Brod,0.8624959833897718
CZ0631,Havlíčkův Brod,0.7862792594606619
CZ0631,Havlíčkův Brod,0.7206169513310429
CZ0632,Jihlava,0.8058432409718961
CZ0632,Jihlava,0.759819067157723
CZ0632,Jihlava,0.7373136910794177
CZ0632,Jihlava,0.8430308722841535
CZ0632,Jihlava,0.7690758088835059
CZ0632,Jihlava,0.7323825295993277
CZ0633,Pelhřimov,0.8188570581110809
CZ0633,Pelhřimov,0.7853029142052055
CZ0633,Pelhřimov,0.7365721630372989
CZ0633,Pelhřimov,0.9101144424945004
CZ0633,Pelhřimov,0.8471463529179128
CZ0633,Pelhřimov,0.7795807894801888
CZ0634,Třebíč,0.8633240230368046
CZ0634,Třebíč,0.8136416442148454
CZ0634,Třebíč,0.7778011221791037
CZ0634,Třebíč,0.8392985144721556
CZ0634,Třebíč,0.7558642509330894
CZ0634,Třebíč,0.6883110462960674
CZ0635,Žďár nad Sázavou,0.7853523494080135
CZ0635,Žďár nad Sázavou,0.7422201349581037
CZ0635,Žďár nad Sázavou,0.7001013421657563
CZ0635,Žďár nad Sázavou,0.8166201151840226
CZ0635,Žďár nad Sázavou,0.7381046543243444
CZ0635,Žďár nad Sázavou,0.6737523790691351
CZ0641,Blansko,0.7665051783374941
CZ0641,Blansko,0.734013891291989
CZ0641,Blansko,0.6933287193810712
CZ0641,Blansko,0.8068319450280544
CZ0641,Blansko,0.7246706379612923
CZ0641,Blansko,0.6560669352646019
CZ0643,Brno-venkov,0.7054774204711175
CZ0643,Brno-venkov,0.662753046444373
CZ0643,Brno-venkov,0.6192624267741058
CZ0643,Brno-venkov,0.7287984773957535
CZ0643,Brno-venkov,0.6614059371678572
CZ0643,Brno-venkov,0.5836196455495959
CZ0644,Břeclav,0.7487332229280471
CZ0644,Břeclav,0.6978643992386979
CZ0644,Břeclav,0.6465630175247794
CZ0644,Břeclav,0.7306275798996466
CZ0644,Břeclav,0.625305880317374
CZ0644,Břeclav,0.5722124725016684
CZ0645,Hodonín,0.8338853597646885
CZ0645,Hodonín,0.7917294905702351
CZ0645,Hodonín,0.746261462787651
CZ0645,Hodonín,0.8503349234990236
CZ0645,Hodonín,0.777010158934177
CZ0645,Hodonín,0.6917591516919198
CZ0646,Vyškov,0.7498331561905233
CZ0646,Vyškov,0.7016214746520998
CZ0646,Vyškov,0.6471933163605804
CZ0646,Vyškov,0.7575203302271547
CZ0646,Vyškov,0.7029067899251057
CZ0646,Vyškov,0.6021825642039697
CZ0647,Znojmo,0.8019996539535803
CZ0647,Znojmo,0.7660849791136268
CZ0647,Znojmo,0.6943050646365276
CZ0647,Znojmo,0.7987987245717676
CZ0647,Znojmo,0.737091232666782
CZ0647,Znojmo,0.6798576266159132
CZ0711,Jeseník,0.8862495983389772
CZ0711,Jeseník,0.8195738685517957
CZ0711,Jeseník,0.7930765998467508
CZ0711,Jeseník,0.9541735669970586
CZ0711,Jeseník,0.8914897298366167
CZ0711,Jeseník,0.8348369874187409
CZ0712,Olomouc,0.772078997454087
CZ0712,Olomouc,0.7378080431074968
CZ0712,Olomouc,0.6909805472476951
CZ0712,Olomouc,0.819981708974961
CZ0712,Olomouc,0.7399337568282374
CZ0712,Olomouc,0.6753960995624985
CZ0713,Prostějov,0.8539807697061077
CZ0713,Prostějov,0.7914081617519836
CZ0713,Prostějov,0.7271300393009862
CZ0713,Prostějov,0.878982623526213
CZ0713,Prostějov,0.7935215166720222
CZ0713,Prostějov,0.7263390760560595
CZ0714,Přerov,0.8915515238401266
CZ0714,Přerov,0.8565266826507155
CZ0714,Přerov,0.7841164693378154
CZ0714,Přerov,0.8927256099068146
CZ0714,Přerov,0.8209580542304175
CZ0714,Přerov,0.7329263168302148
CZ0715,Šumperk,0.8326247620930864
CZ0715,Šumperk,0.7767629829201375
CZ0715,Šumperk,0.7293175470252367
CZ0715,Šumperk,0.8584422967595224
CZ0715,Šumperk,0.7895790592480906
CZ0715,Šumperk,0.7443705662802481
CZ0721,Kroměříž,0.8972118545616333
CZ0721,Kroměříž,0.8184492176879156
CZ0721,Kroměříž,0.7841288281385175
CZ0721,Kroměříž,0.8550683441678819
CZ0721,Kroměříž,0.7955483599871469
CZ0721,Kroměříž,0.7382282423313642
CZ0722,Uherské Hradiště,0.8595422300219987
CZ0722,Uherské Hradiště,0.8222186519020195
CZ0722,Uherské Hradiště,0.8048545369157377
CZ0722,Uherské Hradiště,0.8106137380428603
CZ0722,Uherské Hradiště,0.7123859900635242
CZ0722,Uherské Hradiště,0.676916232048842
CZ0723,Vsetín,0.843389277504511
CZ0723,Vsetín,0.7981313493338607
CZ0723,Vsetín,0.7525026571421509
CZ0723,Vsetín,0.8530662184541612
CZ0723,Vsetín,0.7716217218281138
CZ0723,Vsetín,0.7127814716859876
CZ0724,Zlín,0.8480361865684554
CZ0724,Zlín,0.7950292903576637
CZ0724,Zlín,0.762290827298119
CZ0724,Zlín,0.8026052351879773
CZ0724,Zlín,0.7477074424697827
CZ0724,Zlín,0.6684380947672838
CZ0801,Bruntál,0.9032553081049015
CZ0801,Bruntál,0.8804780384111526
CZ0801,Bruntál,0.8478137281558198
CZ0801,Bruntál,0.9600934325333069
CZ0801,Bruntál,0.8928121215117285
CZ0801,Bruntál,0.8554638257903453
CZ0802,Frýdek-Místek,0.7917294905702351
CZ0802,Frýdek-Místek,0.7381540895271523
CZ0802,Frýdek-Místek,0.6856415453444398
CZ0802,Frýdek-Místek,0.8309686827990211
CZ0802,Frýdek-Místek,0.7605729540005438
CZ0802,Frýdek-Místek,0.6719479941666461
CZ0803,Karviná,0.813270880193786
CZ0803,Karviná,0.77022517734879
CZ0803,Karviná,0.7229156882616111
CZ0803,Karviná,0.8432038954939812
CZ0803,Karviná,0.8225646983216749
CZ0803,Karviná,0.8173863608275453
CZ0804,Nový Jičín,0.8501619002891959
CZ0804,Nový Jičín,0.7967595224559408
CZ0804,Nový Jičín,0.7515633882888004
CZ0804,Nový Jičín,0.9027980324789282
CZ0804,Nový Jičín,0.8243443656227599
CZ0804,Nový Jičín,0.7793212546654472
CZ0805,Opava,0.835936920681217
CZ0805,Opava,0.7984897545542181
CZ0805,Opava,0.7497342857849074
CZ0805,Opava,0.8589490075883036
CZ0805,Opava,0.815717922732778
CZ0805,Opava,0.7537508960130509
CZ0806,Ostrava-město,0.7914081617519836
CZ0806,Ostrava-město,0.7401314976394691
CZ0806,Ostrava-město,0.6847517116938973
CZ0806,Ostrava-město,0.8067083570210347
CZ0806,Ostrava-město,0.7493264453617421
CZ0806,Ostrava-město,0.7109029339792866
CZ0201,Benešov,0.7044763576142571
CZ0201,Benešov,0.6471933163605804
CZ0201,Benešov,0.6360086017252886
CZ0201,Benešov,0.6972835356057048
CZ0201,Benešov,0.6275922584472403
CZ0201,Benešov,0.5686531378994982
CZ0202,Beroun,0.5949650245940133
CZ0202,Beroun,0.569369948340213
CZ0202,Beroun,0.6688953703932571
CZ0202,Beroun,0.5992658872383024
CZ0202,Beroun,0.5182415898361223
CZ0203,Kladno,0.7613268408433645
CZ0203,Kladno,0.6994216081271474
CZ0203,Kladno,0.6525941122673455
CZ0203,Kladno,0.6737770966705391
CZ0203,Kladno,0.5995254220530439
CZ0203,Kladno,0.5429468324393801
CZ0204,Kolín,0.7417381417307265
CZ0204,Kolín,0.6944410114442494
CZ0204,Kolín,0.6335862767877005
CZ0204,Kolín,0.7035370887609066
CZ0204,Kolín,0.5874879501693155
CZ0204,Kolín,0.515399065674667
CZ0205,Kutná Hora,0.6738018142719431
CZ0205,Kutná Hora,0.6476135155844477
CZ0205,Kutná Hora,0.6098079442370913
CZ0205,Kutná Hora,0.772103715055491
CZ0205,Kutná Hora,0.6848011468967051
CZ0205,Kutná Hora,0.622240897743283
CZ0206,Mělník,0.7313814667424673
CZ0206,Mělník,0.6876189534567566
CZ0206,Mělník,0.6220060805299453
CZ0206,Mělník,0.6948241342660109
CZ0206,Mělník,0.5769211755691228
CZ0206,Mělník,0.5077366092394394
CZ0207,Mladá Boleslav,0.636960229379341
CZ0207,Mladá Boleslav,0.6489729836616654
CZ0207,Mladá Boleslav,0.6396173715302667
CZ0207,Mladá Boleslav,0.6503448105395853
CZ0207,Mladá Boleslav,0.5570235064389352
CZ0207,Mladá Boleslav,0.4950317621178041
CZ0208,Nymburk,0.7196158884741825
CZ0208,Nymburk,0.6669056034802383
CZ0208,Nymburk,0.6196208319944633
CZ0208,Nymburk,0.6978149640358899
CZ0208,Nymburk,0.6188669451516425
CZ0208,Nymburk,0.5667128061892874
CZ0209,Praha-východ,0.3732234223990904
CZ0209,Praha-východ,0.24873322292804706
CZ0209,Praha-východ,0.1386904614776182
CZ0209,Praha-východ,0.6428800949155894
CZ0209,Praha-východ,0.5347035123711595
CZ0209,Praha-východ,0.4716859875917641
CZ020B,Příbram,0.7534542847962034
CZ020B,Příbram,0.6485404256370961
CZ020B,Příbram,0.5819759250562325
CZ020B,Příbram,0.734013891291989
CZ020B,Příbram,0.6416812912474973
CZ020B,Příbram,0.5688014435079219
CZ020C,Rakovník,0.7608077712138814
CZ020C,Rakovník,0.7195664532713746
CZ020C,Rakovník,0.553464171836765
CZ020C,Rakovník,0.7588056455001607
CZ020C,Rakovník,0.6940826062238921
CZ020C,Rakovník,0.6182366463158415
CZ0312,Český Krumlov,0.7574338186222409
CZ0312,Český Krumlov,0.6389747138937637
CZ0312,Český Krumlov,0.6389747138937637
CZ0312,Český Krumlov,0.7408977432829918
CZ0312,Český Krumlov,0.6645821489482661
CZ0312,Český Krumlov,0.6152705341473663
CZ0313,Jindřichův Hradec,0.7285513013817139
CZ0313,Jindřichův Hradec,0.6536446103270138
CZ0313,Jindřichův Hradec,0.608683293373211
CZ0313,Jindřichův Hradec,0.8017277603381368
CZ0313,Jindřichův Hradec,0.7035988827644165
CZ0313,Jindřichův Hradec,0.6419408260622389
CZ0314,Písek,0.6548928491979138
CZ0314,Písek,0.7820278320191809
CZ0314,Písek,0.5776750624119436
CZ0314,Písek,0.7657265738932694
CZ0314,Písek,0.6700941740613491
CZ0314,Písek,0.6187186395432187
CZ0315,Prachatice,0.736498010233087
CZ0315,Prachatice,0.7513780062782708
CZ0315,Prachatice,0.7895296240452826
CZ0315,Prachatice,0.7495859801764837
CZ0315,Prachatice,0.6919198161010456
CZ0316,Strakonice,0.7746372691993969
CZ0316,Strakonice,0.7325679116098573
CZ0316,Strakonice,0.638208468250241
CZ0316,Strakonice,0.7935709518748301
CZ0316,Strakonice,0.7146847269940925
CZ0316,Strakonice,0.6626665348394591
CZ0317,Tábor,0.7472625256445115
CZ0317,Tábor,0.6782633413253578
CZ0317,Tábor,0.6187927923474306
CZ0317,Tábor,0.7701015893417703
CZ0317,Tábor,0.6759522455940875
CZ0317,Tábor,0.6168524606372198
CZ0321,Domažlice,0.7390439231776949
CZ0321,Domažlice,0.6557208888449465
CZ0321,Domažlice,0.6379736510369034
CZ0321,Domažlice,0.7802728823194998
CZ0321,Domažlice,0.7123241960600143
CZ0321,Domažlice,0.6660034110289937
CZ0322,Klatovy,0.7103962231505054
CZ0322,Klatovy,0.6976295820253603
CZ0322,Klatovy,0.5994141928467261
CZ0322,Klatovy,0.8079195194898287
CZ0322,Klatovy,0.7154509726376153
CZ0322,Klatovy,0.6257260795412413
CZ0326,Rokycany,0.7529475739674222
CZ0326,Rokycany,0.6569320513137406
CZ0326,Rokycany,0.6336851471933164
CZ0326,Rokycany,0.7350891069530613
CZ0326,Rokycany,0.6710705193168055
CZ0326,Rokycany,0.6211038880787009
CZ0327,Tachov,0.753664384408137
CZ0327,Tachov,0.7271423981016882
CZ0327,Tachov,0.6748275947302074
CZ0327,Tachov,0.8345774526039993
CZ0327,Tachov,0.7728699606990138
CZ0327,Tachov,0.718701337222236
CZ0411,Cheb,0.8333415725338014
CZ0411,Cheb,0.7829547420718294
CZ0411,Cheb,0.7507106310403638
CZ0411,Cheb,0.8670316632473984
CZ0411,Cheb,0.8150258298934672
CZ0411,Cheb,0.7818053736065452
CZ0412,Karlovy Vary,0.7731912895172652
CZ0412,Karlovy Vary,0.7052549620584818
CZ0412,Karlovy Vary,0.6520256074350546
CZ0412,Karlovy Vary,0.8263094149343748
CZ0412,Karlovy Vary,0.7584348814791013
CZ0412,Karlovy Vary,0.7163531650888598
CZ0413,Sokolov,0.8313518056207826
CZ0413,Sokolov,0.8104901500358406
CZ0413,Sokolov,0.7375361494920533
CZ0413,Sokolov,0.9473885854116717
CZ0413,Sokolov,0.8865585683565267
CZ0413,Sokolov,0.8595298712212966
CZ0421,Děčín,0.8485799737993425
CZ0421,Děčín,0.810144103616185
CZ0421,Děčín,0.7611538176335368
CZ0421,Děčín,0.8987690634500828
CZ0421,Děčín,0.8354549274538399
CZ0421,Děčín,0.788058926761747
CZ0422,Chomutov,0.808982376350199
CZ0422,Chomutov,0.7617099636651259
CZ0422,Chomutov,0.7198136292854141
CZ0422,Chomutov,0.9256123785747831
CZ0422,Chomutov,0.8813184368588872
CZ0422,Chomutov,0.8510888103418445
CZ0423,Litoměřice,0.7310354203228119
CZ0423,Litoměřice,0.7048965568381245
CZ0423,Litoměřice,0.6697728452430977
CZ0423,Litoměřice,0.7603752131893121
CZ0423,Litoměřice,0.6759893219961934
CZ0423,Litoměřice,0.6198680080085028
CZ0424,Louny,0.8018019131423487
CZ0424,Louny,0.7600786019724646
CZ0424,Louny,0.7262402056504437
CZ0424,Louny,0.8664631584151073
CZ0424,Louny,0.7852781966038016
CZ0424,Louny,0.7440245198605927
CZ0425,Most,0.8589984427911116
CZ0425,Most,0.7979830437254369
CZ0425,Most,0.7207528981387646
CZ0425,Most,0.9050349754059867
CZ0425,Most,0.856934523073881
CZ0425,Most,0.8479743925649454
CZ0426,Teplice,0.7903082284895073
CZ0426,Teplice,0.7430234570037324
CZ0426,Teplice,0.6844551004770497
CZ0426,Teplice,0.8854586350940504
CZ0426,Teplice,0.835973997083323
CZ0426,Teplice,0.8097980571965296
CZ0511,Česká Lípa,0.7908520157203945
CZ0511,Česká Lípa,0.7124972192698421
CZ0511,Česká Lípa,0.6313740514620462
CZ0511,Česká Lípa,0.8608028276936006
CZ0511,Česká Lípa,0.7768618533257533
CZ0511,Česká Lípa,0.7241021331290012
CZ0512,Jablonec nad Nisou,0.7640704945992041
CZ0512,Jablonec nad Nisou,0.6918703808982376
CZ0512,Jablonec nad Nisou,0.6533974343129743
CZ0512,Jablonec nad Nisou,0.7729688311046297
CZ0512,Jablonec nad Nisou,0.7058481844921769
CZ0512,Jablonec nad Nisou,0.6558074004498603
CZ0514,Semily,0.7837333465160541
CZ0514,Semily,0.7184170848060905
CZ0514,Semily,0.6130830264231159
CZ0514,Semily,0.7129668536965172
CZ0514,Semily,0.6355636849000174
CZ0514,Semily,0.5745977210371506
CZ0522,Jičín,0.6990632029067899
CZ0522,Jičín,0.7017203450577156
CZ0522,Jičín,0.7552833873000964
CZ0522,Jičín,0.6777195540944707
CZ0522,Jičín,0.5998961860741033
CZ0523,Náchod,0.8298069555330351
CZ0523,Náchod,0.7923103542032282
CZ0523,Náchod,0.750611760634748
CZ0523,Náchod,0.8669327928417826
CZ0523,Náchod,0.7759720196752107
CZ0523,Náchod,0.6940084534196802
CZ0524,Rychnov nad Kněžnou,0.7554811281113281
CZ0524,Rychnov nad Kněžnou,0.7030674543342315
CZ0524,Rychnov nad Kněžnou,0.7045752280198729
CZ0524,Rychnov nad Kněžnou,0.7360160170057097
CZ0524,Rychnov nad Kněžnou,0.6733816150480757
CZ0524,Rychnov nad Kněžnou,0.6059767160194774
CZ0525,Trutnov,0.7906542749091628
CZ0525,Trutnov,0.7360530934078157
CZ0525,Trutnov,0.7006822057987493
CZ0525,Trutnov,0.7853894258101194
CZ0525,Trutnov,0.7096176187062807
CZ0525,Trutnov,0.6686111179771115
CZ0531,Chrudim,0.7325555528091554
CZ0531,Chrudim,0.6958746323256791
CZ0531,Chrudim,0.6605161035173147
CZ0531,Chrudim,0.7468052500185381
CZ0531,Chrudim,0.6847022764910893
CZ0531,Chrudim,0.6115752527374744
CZ0533,Svitavy,0.8086734063326495
CZ0533,Svitavy,0.7653310922708061
CZ0533,Svitavy,0.6575129149467336
CZ0533,Svitavy,0.7989841065822972
CZ0533,Svitavy,0.7386237239538275
CZ0533,Svitavy,0.6914131052722644
CZ0534,Ústí nad Orlicí,0.7925451714165658
CZ0534,Ústí nad Orlicí,0.7613886348468745
CZ0534,Ústí nad Orlicí,0.727871567343105
CZ0534,Ústí nad Orlicí,0.7943619151197567
CZ0534,Ústí nad Orlicí,0.7341127616976049
CZ0534,Ústí nad Orlicí,0.6807721778678597
CZ0631,Havlíčkův Brod,0.788096003163853
CZ0631,Havlíčkův Brod,0.7201473169043676
CZ0631,Havlíčkův Brod,0.6740613490866846
CZ0631,Havlíčkův Brod,0.7910868329337322
CZ0631,Havlíčkův Brod,0.729132165014707
CZ0631,Havlíčkův Brod,0.6617272659861088
CZ0633,Pelhřimov,0.7703611241565118
CZ0633,Pelhřimov,0.7520577403168797
CZ0633,Pelhřimov,0.7134488469238945
CZ0633,Pelhřimov,0.781966038015671
CZ0633,Pelhřimov,0.6814271943050646
CZ0633,Pelhřimov,0.6323503967175025
CZ0634,Třebíč,0.6953926390983018
CZ0634,Třebíč,0.7095681835034728
CZ0634,Třebíč,0.6464147119163557
CZ0634,Třebíč,0.7409966136886077
CZ0634,Třebíč,0.6610722495489038
CZ0634,Třebíč,0.6071631608868675
CZ0635,Žďár nad Sázavou,0.7383889067404898
CZ0635,Žďár nad Sázavou,0.7244976147514646
CZ0635,Žďár nad Sázavou,0.6899918431915367
CZ0635,Žďár nad Sázavou,0.710074894332254
CZ0635,Žďár nad Sázavou,0.6186815631411128
CZ0635,Žďár nad Sázavou,0.5755864250933089
CZ0641,Blansko,0.7050325036458462
CZ0641,Blansko,0.686753837407618
CZ0641,Blansko,0.6386163086734064
CZ0641,Blansko,0.696579083965692
CZ0641,Blansko,0.6128111328076723
CZ0641,Blansko,0.505524383913785
CZ0643,Brno-venkov,0.7127691128852857
CZ0643,Brno-venkov,0.6812788886966409
CZ0643,Brno-venkov,0.6414341152334577
CZ0643,Brno-venkov,0.6386163086734064
CZ0643,Brno-venkov,0.5960278814543837
CZ0643,Brno-venkov,0.5495464320142374
CZ0644,Břeclav,0.7691128852856118
CZ0644,Břeclav,0.7232493758805646
CZ0644,Břeclav,0.6899918431915367
CZ0644,Břeclav,0.7578293002447043
CZ0644,Břeclav,0.6579949081741108
CZ0644,Břeclav,0.6089057517858467
CZ0645,Hodonín,0.8019996539535803
CZ0645,Hodonín,0.740798872877376
CZ0645,Hodonín,0.7031292483377413
CZ0645,Hodonín,0.7918283609758509
CZ0645,Hodonín,0.7060830017055145
CZ0645,Hodonín,0.6368242825716193
CZ0646,Vyškov,0.7872803223175223
CZ0646,Vyškov,0.7704723533628297
CZ0646,Vyškov,0.6688582939911512
CZ0646,Vyškov,0.687359418642015
CZ0646,Vyškov,0.6119212991571298
CZ0646,Vyškov,0.5452950045727563
CZ0647,Znojmo,0.7648120226413229
CZ0647,Znojmo,0.7123983488642263
CZ0647,Znojmo,0.6542131151593049
CZ0647,Znojmo,0.7484984057147095
CZ0647,Znojmo,0.6658180290184641
CZ0647,Znojmo,0.6096472798279655
CZ0711,Jeseník,0.8581827619447808
CZ0711,Jeseník,0.79731566848753
CZ0711,Jeseník,0.7287984773957535
CZ0711,Jeseník,0.8643745210964728
CZ0711,Jeseník,0.7738215883530662
CZ0711,Jeseník,0.7306646563017525
CZ0712,Olomouc,0.8135304150085275
CZ0712,Olomouc,0.7617841164693379
CZ0712,Olomouc,0.7146970857947945
CZ0712,Olomouc,0.8314753936278023
CZ0712,Olomouc,0.748807375732259
CZ0712,Olomouc,0.6902143016041723
CZ0713,Prostějov,0.7468546852213461
CZ0713,Prostějov,0.7017079862570136
CZ0713,Prostějov,0.6578095261635811
CZ0713,Prostějov,0.7805942111377512
CZ0713,Prostějov,0.6978643992386979
CZ0713,Prostějov,0.652334577452604
CZ0714,Přerov,0.851286551153076
CZ0714,Přerov,0.8202412437897026
CZ0714,Přerov,0.7829176656697234
CZ0714,Přerov,0.831055194403935
CZ0714,Přerov,0.7631435845465556
CZ0714,Přerov,0.7133005413154707
CZ0715,Šumperk,0.8140000494352028
CZ0715,Šumperk,0.7867365350866352
CZ0715,Šumperk,0.7500926910052649
CZ0715,Šumperk,0.8136169266134414
CZ0715,Šumperk,0.7421954173566997
CZ0715,Šumperk,0.6865190201942803
CZ0721,Kroměříž,0.8419556566230812
CZ0721,Kroměříž,0.789937464468448
CZ0721,Kroměříž,0.7190103072397854
CZ0721,Kroměříž,0.784993944187656
CZ0721,Kroměříž,0.7170576167288726
CZ0721,Kroměříž,0.644919297031416
CZ0722,Uherské Hradiště,0.7906171985070569
CZ0722,Uherské Hradiště,0.7442840546753343
CZ0722,Uherské Hradiště,0.7335195392639098
CZ0722,Uherské Hradiště,0.7429616630002225
CZ0722,Uherské Hradiště,0.6813036062980449
CZ0722,Uherské Hradiště,0.6152705341473663
CZ0723,Vsetín,0.8042613144820426
CZ0723,Vsetín,0.7402550856464889
CZ0723,Vsetín,0.6935264601923029
CZ0723,Vsetín,0.7900734112761698
CZ0723,Vsetín,0.7078873866080035
CZ0723,Vsetín,0.6530761054947228
CZ0724,Zlín,0.7853894258101194
CZ0724,Zlín,0.7341498380997108
CZ0724,Zlín,0.7062189485132363
CZ0724,Zlín,0.7110635983884124
CZ0724,Zlín,0.6077316657191586
CZ0724,Zlín,0.5498924784338928
CZ0801,Bruntál,0.8598264824381442
CZ0801,Bruntál,0.8278542650221222
CZ0801,Bruntál,0.7786168030254345
CZ0801,Bruntál,0.9222013495810366
CZ0801,Bruntál,0.8557851546085968
CZ0801,Bruntál,0.8128259633685148
CZ0802,Frýdek-Místek,0.7773685641545345
CZ0802,Frýdek-Místek,0.7319252539733544
CZ0802,Frýdek-Místek,0.6791408161751984
CZ0802,Frýdek-Místek,0.8694416293842846
CZ0802,Frýdek-Místek,0.7945596559309884
CZ0802,Frýdek-Místek,0.750636478236152
CZ0803,Karviná,0.8336752601527547
CZ0803,Karviná,0.7866005882789134
CZ0803,Karviná,0.7577551474404923
CZ0803,Karviná,0.9311120448871641
CZ0803,Karviná,0.8796870751662259
CZ0803,Karviná,0.8555379785945572
CZ0804,Nový Jičín,0.7835356057048224
CZ0804,Nový Jičín,0.747509701658551
CZ0804,Nový Jičín,0.6779172949057024
CZ0804,Nový Jičín,0.8394838964826853
CZ0804,Nový Jičín,0.7647749462392169
CZ0804,Nový Jičín,0.7106433991645451
CZ0805,Opava,0.7864028474676817
CZ0805,Opava,0.7570754134018834
CZ0805,Opava,0.7211483797612279
CZ0805,Opava,0.8176582544429889
CZ0805,Opava,0.7465333564030946
CZ0805,Opava,0.7007810762043651
CZ0203,Kladno,0.6069777788763379
CZ0203,Kladno,0.5023110957312702
CZ0203,Kladno,0.44124626146278767
CZ0203,Kladno,0.5809130681958623
CZ0203,Kladno,0.47153768198334034
CZ0203,Kladno,0.4048743109968609
CZ0311,České Budějovice,0.5237659737499073
CZ0311,České Budějovice,0.383295844971204
CZ0311,České Budějovice,0.25606199174432115
CZ0311,České Budějovice,0.628383221692167
CZ0311,České Budějovice,0.5381763353684158
CZ0311,České Budějovice,0.4731319672738957
CZ0323,Plzeň-město,0.5335665027065774
CZ0323,Plzeň-město,0.4228563660182416
CZ0323,Plzeň-město,0.29238450700744
CZ0323,Plzeň-město,0.6353783028894876
CZ0323,Plzeň-město,0.5349754059866031
CZ0323,Plzeň-město,0.47666658427466196
CZ0324,Plzeň-jih,0.5335665027065774
CZ0324,Plzeň-jih,0.6353783028894876
CZ0425,Most,0.6690313172009789
CZ0425,Most,0.6309909286402847
CZ0425,Most,0.558976196949848
CZ0425,Most,0.8460958548582446
CZ0425,Most,0.7912104209407519
CZ0425,Most,0.7629458437353239
CZ0427,Ústí nad Labem,0.6557332476456484
CZ0427,Ústí nad Labem,0.5821613070667623
CZ0427,Ústí nad Labem,0.5740539338062635
CZ0427,Ústí nad Labem,0.8052129421360951
CZ0427,Ústí nad Labem,0.7404281088563166
CZ0427,Ústí nad Labem,0.6959364263291891
CZ0513,Liberec,0.552858590602368
CZ0513,Liberec,0.4654324344365623
CZ0513,Liberec,0.3875225548112811
CZ0513,Liberec,0.6583409545937662
CZ0513,Liberec,0.5617322095063895
CZ0513,Liberec,0.5006550164372049
CZ0521,Hradec Králové,0.539943643868799
CZ0521,Hradec Králové,0.47264997404651854
CZ0521,Hradec Králové,0.3683046197197024
CZ0521,Hradec Králové,0.5860914056899919
CZ0521,Hradec Králové,0.46534592283164844
CZ0521,Hradec Králové,0.39618607410336903
CZ0532,Pardubice,0.5913068195862273
CZ0532,Pardubice,0.4757273154213115
CZ0532,Pardubice,0.3289789158860024
CZ0532,Pardubice,0.6202140544281582
CZ0532,Pardubice,0.5152507600662432
CZ0532,Pardubice,0.4403687866129471
CZ0632,Jihlava,0.5816545962379811
CZ0632,Jihlava,0.4884568801443508
CZ0632,Jihlava,0.44212373631262825
CZ0632,Jihlava,0.6900165607929406
CZ0632,Jihlava,0.611760634748004
CZ0632,Jihlava,0.5468522134612057
CZ0642,Brno-město,0.47335442568653135
CZ0642,Brno-město,0.39633437971179275
CZ0642,Brno-město,0.3004300862644289
CZ0642,Brno-město,0.45348147415774775
CZ0642,Brno-město,0.33450329979978743
CZ0642,Brno-město,0.2418864473391502
CZ0712,Olomouc,0.5257186642608201
CZ0712,Olomouc,0.4436438687989718
CZ0712,Olomouc,0.3323652272783449
CZ0712,Olomouc,0.6196455495958673
CZ0712,Olomouc,0.5178831846157649
CZ0712,Olomouc,0.4518995476678943
CZ0724,Zlín,0.6574634797439256
CZ0724,Zlín,0.5844971203994365
CZ0724,Zlín,0.4677558889685345
CZ0724,Zlín,0.6500111229206318
CZ0724,Zlín,0.5717428380749932
CZ0724,Zlín,0.5242726845786885
CZ0802,Frýdek-Místek,0.6448575030279061
CZ0802,Frýdek-Místek,0.5846948612106682
CZ0802,Frýdek-Místek,0.5211706256024915
CZ0802,Frýdek-Místek,0.7903205872902094
CZ0802,Frýdek-Místek,0.7173418691450182
CZ0802,Frýdek-Místek,0.6593914526534345
CZ0803,Karviná,0.7131893121091529
CZ0803,Karviná,0.6644832785426502
CZ0803,Karviná,0.5731888177571248
CZ0803,Karviná,0.8137281558197592
CZ0803,Karviná,0.7588180043008627
CZ0803,Karviná,0.7295647230392762
CZ0805,Opava,0.659045406233779
CZ0805,Opava,0.6090293397928666
CZ0805,Opava,0.5531922782213214
CZ0805,Opava,0.76410757100131
CZ0805,Opava,0.6905974244259337
CZ0805,Opava,0.6217465457152038
CZ0806,Ostrava-město,0.6817485231233161
CZ0806,Ostrava-město,0.6286180389055046
CZ0806,Ostrava-město,0.5371134785080456
CZ0806,Ostrava-město,0.7850928145932718
CZ0806,Ostrava-město,0.7050077860444423
CZ0806,Ostrava-město,0.650517833749413
